{"daea504c-87ae-4b83-9ece-774f08f21e48":{"schema":{"ftlType":"HT","type":"object","properties":{"comment":{"input":false,"output":true,"description":"Commento","type":"string"}},"title":"Pagamento","description":"Inserire i campi richiesti"},"lastModifiedBy":"admin","name":"Prototipo pagamento1.0#block2","definition":{"header":"\u003ch2\u003ePagamento Retta Scolastica A.A. 2020/2021 - {{child.payment}}\u003c/h2\u003e\n","footer":"","script":"function onKsFormLoad () {\n\tlet _this \u003d this;\n\t axios.get(\u0027/pagamenti/v1/paymentInstances/\u0027+this.paymentId)\n    .then(function (response) {\n    \t_this.payment \u003d response.data;\n\t})\n}\n\nfunction openPaymentPage(){\n  window.location.href \u003d \"/pagamenti/v1/payment/doPayment/\"+ this.paymentId + \"/1\";\n}","wizard":false,"toolbar":{"position":"bottom","buttons":[{"type":"button","action":"custom","customAction":"avviaPagamento","actionUrl":"","actionUrlProcessor":"","validationUrl":"","validationUrlProcessor":"","onAction":"openPaymentPage","show":"true","disabled":"payment.transactionResult\u003d\u003d\u0027COMPLETED\u0027 || payment.transactionResult\u003d\u003d\u0027WAITING\u0027 || payment.transactionResult\u003d\u003d\u0027RECEIPT\u0027","label":"PAGA","margin":0.0,"width":0.0,"break":false,"class":"btn-primary"}]},"tabs":[{"sections":[{"elements":[{"type":"button","action":"custom","onAction":"openPaymentPage","show":"false","disabled":"$item.transactionResult\u003d\u003d\u0027COMPLETED\u0027 || $item.transactionResult\u003d\u003d\u0027WAITING\u0027 || $item.transactionResult\u003d\u003d\u0027RECEIPT\u0027","label":"Paga OLD","break":false,"classes":"btn-primary"},{"type":"text","subtype":"text","input":"$item.name","show":"true","disabled":"true","required":true,"valid":"true","label":"Nome minore","break":true},{"type":"text","subtype":"text","input":"$item.surname","show":"true","disabled":"true","required":true,"valid":"true","label":"Cognome minore","break":true},{"type":"text","subtype":"text","input":"$item.fiscalCode","show":"true","disabled":"true","required":true,"valid":"true","label":"Codice fiscale minore","break":true},{"type":"text","subtype":"text","input":"$item.payment","show":"true","disabled":"true","required":true,"valid":"true","label":"Rata","break":true},{"type":"text","subtype":"text","input":"$item.amount","show":"true","disabled":"true","required":true,"valid":"true","label":"Importo","break":true}],"header":{"title":"Riepilogo del pagamento"},"input":"child","output":"","shared":false},{"type":"single","input":"payment","output":"","show":"true","shared":false,"elements":[{"type":"text","subtype":"text","input":"$item.transactionResult","show":"false","disabled":"true","required":true,"valid":"true","label":"Esito","break":true},{"type":"header","subtype":"h5","label":"Dopo aver cliccato sul pulsante \"PAGA\" verrai reindirizzato sulla pagina di cassa del Comune di Palermo.","show":"!($item.transactionResult\u003d\u003d\u0027COMPLETED\u0027 || $item.transactionResult\u003d\u003d\u0027WAITING\u0027 || $item.transactionResult\u003d\u003d\u0027RECEIPT\u0027)"},{"type":"header","subtype":"h5","label":"Il pagamento \u0026egrave; andato a buon fine e la ricevuta di pagamento \u0026egrave; stata elaborata. A breve sar\u0026agrave; disponibile nella sezione \"Documenti\"","show":"$item.transactionResult\u003d\u003d\u0027RECEIPT\u0027"},{"type":"header","subtype":"h5","label":"Hai gi\u0026agrave avviato una transazione di pagamento. Completa o annulla la transazione sul sistema di pagamento","show":"$item.transactionResult\u003d\u003d\u0027WAITING\u0027"},{"type":"header","subtype":"h5","label":"Il pagamento \u0026egrave; andato a buon fine. Il sistema sta elaborando la ricevuta di pagamento che riceverai a breve.","show":"$item.transactionResult\u003d\u003d\u0027COMPLETED\u0027"}]}]}],"sections":{}},"id":"daea504c-87ae-4b83-9ece-774f08f21e48","lastModifiedTs":"2021-09-15T12:31:55.369Z"},"58799d5e-dd7d-496e-a053-af2e463c14c9":{"schema":{},"lastModifiedBy":"admin","name":"Pagamento retta scolastica2.0#FTL","definition":{"wizard":false,"header":"\u003ch2\u003ePagamento Retta Scolastica A.A. 2020/2021\u003c/h2\u003e\n","footer":"","toolbar":{"position":"bottom","buttons":[{"type":"button","action":"save","customAction":"","actionUrl":"","actionUrlProcessor":"","validationUrl":"","validationUrlProcessor":"","onAction":"","show":"","disabled":"","label":"Salva Bozza e Chiudi","margin":"0","width":0.0,"break":false,"class":"btn-secondary"},{"type":"button","action":"submit","customAction":"","actionUrl":"","actionUrlProcessor":"","validationUrl":"","validationUrlProcessor":"","onAction":"","show":"","disabled":"!isValid()","label":"Completa e Procedi","margin":"5","width":0.0,"break":false,"class":"btn-primary"}]},"tabs":[{"title":"Default","sticky":false,"disabled":"false","sections":[{"type":"single","input":"","output":"","show":"true","header":{"title":"Contribuente","collapsible":false},"shared":false,"elements":[{"type":"text","subtype":"text","input":"userinfo.FISCAL_CODE","show":"true","disabled":"true","required":true,"valid":"true","label":"Codice Fiscale","margin":"0","width":"6","break":true},{"type":"text","subtype":"text","input":"userinfo.FIRST_NAME","show":"true","disabled":"true","required":true,"valid":"true","label":"Nome","margin":"0","width":"4","break":false},{"type":"text","subtype":"text","input":"userinfo.LAST_NAME","show":"true","disabled":"true","required":true,"valid":"true","label":"Cognome","margin":"0","width":"4","break":false},{"type":"text","subtype":"text","input":"userinfo.BIRTH_PLACE","show":"true","disabled":"true","required":true,"valid":"true","label":"Nato a","margin":"0","width":"4","break":true},{"type":"date","subtype":"date","input":"userinfo.BIRTH_DATE","show":"true","disabled":"true","required":true,"valid":"true","offset":"start","label":"Data di Nascita","margin":"0","width":"4","break":false},{"type":"text","subtype":"text","input":"userinfo.ADDRESS_MUNICIPALITY","show":"true","disabled":"true","required":true,"valid":"true","label":"Comune di Residenza","margin":"0","width":"4","break":false},{"type":"text","subtype":"text","input":"userinfo.ADDRESS_PROVINCE","show":"true","disabled":"false","required":true,"valid":"true","label":"Provincia di Residenza","margin":"0","width":"4","break":false},{"type":"text","subtype":"text","input":"userinfo.ADDRESS_POSTALCODE","show":"true","disabled":"true","required":true,"valid":"true","label":"C.A.P.","margin":"0","width":"4","break":false},{"type":"text","subtype":"text","input":"userinfo.ADDRESS_STREET","show":"true","disabled":"true","required":true,"valid":"true","label":"Indirizzo di Residenza","margin":"0","width":"6","break":false},{"type":"text","subtype":"text","input":"userinfo.ADDRESS_CNUMBER","show":"true","disabled":"true","required":true,"valid":"true","label":"Civico di Residenza","margin":"0","width":"2","break":true}]},{"type":"single","input":"","output":"","show":"true","header":{"title":"Figlio/a","collapsible":false},"elements":[{"type":"select","mode":"single","input":"childFiscalCode","show":"true","disabled":"false","required":false,"valid":"true","source":"url","urlProcessor":"processChildFiscalCodeValues","tags":false,"chars":"0","onChange":"onChildFiscalCodeSelected","label":"Codice Fiscale","placeholder":"Selezionare Figlio","margin":"0","width":"6","break":true,"values":[{"label":"Option 1","value":"option-1","selected":true},{"label":"Option 2","value":"option-2","selected":false},{"label":"Option 3","value":"option-3","selected":false}]},{"type":"text","subtype":"text","input":"child.surname","show":"true","disabled":"true","required":true,"valid":"true","label":"Cognome","margin":"0","width":"6","break":false},{"type":"text","subtype":"text","input":"child.name","show":"true","disabled":"true","required":true,"valid":"true","label":"Nome","margin":"0","width":"6","break":false},{"type":"hidden","valid":"child.name","invalidFeedback":"Nessun iscritto trovato","break":true}],"shared":false},{"type":"single","input":"","output":"","show":"true","header":{"title":"Rata e Importo","collapsible":false},"shared":false,"elements":[{"type":"text","subtype":"text","input":"child.payment","show":"true","disabled":"true","required":true,"valid":"true","label":"Rata","margin":"0","width":"6","break":false},{"type":"text","subtype":"text","input":"child.amount","show":"true","disabled":"true","required":true,"valid":"true","label":"Importo Netto in Euro","margin":"0","width":"6","break":true}]},{"type":"single","input":"","output":"","show":"true","shared":false,"elements":[{"type":"date","subtype":"date","input":"signature.signatureDate","show":"true","disabled":"false","required":true,"valid":"true","offset":"start","label":"Data","placeholder":"Data","margin":"0","width":"3","break":true},{"type":"text","subtype":"text","input":"userinfo.FIRST_NAME","output":"signature.signatureName","show":"true","disabled":"true","required":true,"valid":"true","label":"Nome","placeholder":"Nome","margin":"6","width":"3","break":false},{"type":"text","subtype":"text","input":"userinfo.LAST_NAME","output":"signature.signatureSurname","show":"true","disabled":"true","required":true,"valid":"true","label":"Cognome","placeholder":"Cognome","margin":"0","width":"3","break":true}]}]}],"sections":{},"script":"function onKsFormLoad () {\n  // qui simula il modello di ingresso\n  //this.userinfo.fiscalCode \u003d \u0027TRMSLL84R45G273Z\u0027;\n  if (this.userinfo.FISCAL_CODE\u003d\u003dnull)\n    this.userinfo.FISCAL_CODE \u003d \u0027TRMSLL84R45G273Z\u0027 ;\n  \n  if (this.$refs.children\u003d\u003dnull)\n    return;\n\n  //NOTA: la url può essere scritta anche come funzione che ritorna la url \u003d\u003e utile quando la url dipende da un elemento della form che è modificabile\n  var url \u003d \u0027/sispi/v1/pagamentoretta/listafigli/\u0027+this.userinfo.FISCAL_CODE+\u0027?annoScolastico\u003d2020%2F2021\u0026\u0027;\n  \n  var select2 \u003d this.$refs.children[0];  \n  select2.url \u003d \u0027/sispi/v1/pagamentoretta/listafigli/\u0027+this.userinfo.FISCAL_CODE+\u0027?annoScolastico\u003d2020%2F2021\u0026\u0027;\n  console.log(\"URL \u003d \"+select2.url);\n  select2.changedUrl(url); \n\n}\n\nfunction processChildFiscalCodeValues (response) {\n  //caricamento/processamento dei codici fiscali restituiti dalla prima chiamata\n  var values \u003d [];\n\n  $.each(response, function( index, value ) {\n        console.log( index + \": \" + value[\"nome\"] + \" \" + value[\"cognome\"] + \" (\" + value[\"codicefiscale\"] + \")\" );\n        values.push({\n            id: value[\"codicefiscale\"],\n            text: value[\"codicefiscale\"]\n        });\n  });\n  console.log(values);\n  return values;\n}\n\n\nfunction onChildFiscalCodeSelected (childFiscalCode) {\n  // caricamento dei dettagli figlio dal codice fiscale selezionato\n  let _this \u003d this;\n  \n  console.log(\"Recupero dettaglio figlio - /sispi/v1/pagamentoretta/prossimarata/ - per CF \u003d \"+childFiscalCode);\n  axios.get(\u0027/sispi/v1/pagamentoretta/prossimarata/\u0027+childFiscalCode+\u0027?annoScolastico\u003d2020%2F2021\u0027)\n    .then(function (response) {\n      console.log(response.data);\n      if (response.data.esito \u003d\u003d \u0027Dati recuperati con successo\u0027) {\n        \t_this.child \u003d {\n          \t\tfiscalCode: response.data.codicefiscale,\n              name: response.data.nome,\n              surname: response.data.cognome,\n              payment: response.data.rata.descrizione,\n              amount: response.data.importo,\n              idRata: response.data.rata.id\n          }\n      } else{\n          _this.child \u003d {}\n      }\n      _this.validate();\n  })\n\n}\n"},"id":"58799d5e-dd7d-496e-a053-af2e463c14c9","lastModifiedTs":"2021-09-17T09:49:45.944Z"}}