<?xml version="1.0" encoding="UTF-8"?>
<properties>
    <parsers>
        <!-- Default Parser for most things, except for 2 mime types, and never
             use the Executable Parser -->
        <parser class="org.apache.tika.parserDefaultParser">
            <mime-exclude>image/jpeg</mime-exclude>
            <mime-exclude>application/pdf</mime-exclude>
            <parser-exclude class="org.apache.tika.parser.executable.ExecutableParser"/>
        </parser>
        <!-- Use a different parser for PDF -->
        <parser class="org.apache.tika.parser.EmptyParser">
            <mime>application/pdf</mime>
        </parser>
    </parsers>
</properties>