{
    "$schema": "http://json-schema.org/draft-06/schema#",
    "description": [
        "Simplified JSON model schema schema (draft v6)",
        " - supports $ref/definition",
        " - supports format", 
        " - supports basic validation",
        " - doesn't support schema composition",
        " - is extended with input/output binding flags",
        " - extended with property names restricitons'"
    ],
    "definitions": {
        "schemaArray": {
            "type": "array",
            "minItems": 1,
            "items": { "$ref": "#" }
        },
        "positiveInteger": {
            "type": "integer",
            "minimum": 0
        },
        "positiveIntegerDefault0": {
            "allOf": [ { "$ref": "#/definitions/positiveInteger" }, { "default": 0 } ]
        },
        "simpleTypes": {
            "enum": [ "array", "boolean", "integer", "null", "number", "object", "string" ]
        },
        "stringArray": {
            "type": "array",
            "items": { "type": "string" },
            "minItems": 1,
            "uniqueItems": true
        }
    },
    "type": "object",
    "properties": {
        "$ref": {
            "type": "string"
        },
        "definitions": {
            "type": "object",
            "additionalProperties": { "$ref": "#" },
            "default": {}
        },
        "type": {
            "anyOf": [
                { "$ref": "#/definitions/simpleTypes" },
                {
                    "type": "array",
                    "items": { "$ref": "#/definitions/simpleTypes" },
                    "minItems": 1,
                    "uniqueItems": true
                }
            ]
        },
        "properties": {
            "type": "object",
            "propertyNames": {
                "pattern": "^[A-Za-z_][A-Za-z0-9_]*$"
            },            
            "additionalProperties": { "$ref": "#" },
            "default": {}
        },
        "items": {
            "$ref": "#",
            "default": {}
        },          
        "format": {
            "type": "string",
            "enum": [ "date", "time", "date-time", "email", "password", "text", "html", "uri-reference" ]
        },
        "input": {
            "type": "boolean",
            "default": true
        },
        "output": {
            "type": "boolean",
            "default": true
        },
        "maximum": {
            "type": "number"
        },
        "exclusiveMaximum": {
            "type": "boolean",
            "default": false
        },
        "minimum": {
            "type": "number"
        },
        "exclusiveMinimum": {
            "type": "boolean",
            "default": false
        },
        "maxLength": { "$ref": "#/definitions/positiveInteger" },
        "minLength": { "$ref": "#/definitions/positiveIntegerDefault0" },
        "maxItems": { "$ref": "#/definitions/positiveInteger" },
        "minItems": { "$ref": "#/definitions/positiveIntegerDefault0" },
        "uniqueItems": {
            "type": "boolean",
            "default": false
        },
        "required": { "$ref": "#/definitions/stringArray" },
        "enum": {
            "type": "array",
            "minItems": 1,
            "uniqueItems": true
        },
        "default": {}
    },
    "default": {}
}