{"92b50aaa-3175-421a-b167-a15c062b454d":{"schema":{"ftlType":"HT","type":"object","properties":{"comment":{"input":false,"output":true,"description":"Commento","type":"string"}},"title":"Human Task","description":"Inserire i campi richiesti"},"lastModifiedBy":"admin","name":"Pagamento Refezione2.0#block7","definition":{"header":"\u003ch2\u003ePagamento Refezione - {{alunno.codiceFiscale}}\u003c/h2\u003e\n","footer":"","script":"function onKsFormLoad () {\n    this.payment \u003d {}\n\tlet _this \u003d this;\n\t axios.get(\u0027/pagamenti/v1/paymentInstances/\u0027+this.paymentId)\n    .then(function (response) {\n    \t_this.payment \u003d response.data;\n\t})\n}\n\nfunction openPaymentPage(){\n  window.location.href \u003d \"/pagamenti/v1/payment/doPayment/\"+ this.paymentId + \"/1\";\n}","wizard":false,"toolbar":{"position":"bottom","buttons":[{"type":"button","action":"custom","customAction":"avviaPagamento","actionUrl":"","actionUrlProcessor":"","validationUrl":"","validationUrlProcessor":"","onAction":"openPaymentPage","show":"true","disabled":"payment.transactionResult\u003d\u003d\u0027COMPLETED\u0027 || payment.transactionResult\u003d\u003d\u0027WAITING\u0027 || payment.transactionResult\u003d\u003d\u0027RECEIPT\u0027","label":"PAGA","margin":0.0,"width":0.0,"break":false,"class":"btn-primary"}]},"tabs":[{"sections":[{"elements":[{"type":"button","action":"custom","onAction":"openPaymentPage","show":"false","disabled":"$item.transactionResult\u003d\u003d\u0027COMPLETED\u0027 || $item.transactionResult\u003d\u003d\u0027WAITING\u0027 || $item.transactionResult\u003d\u003d\u0027RECEIPT\u0027","label":"Paga OLD","break":false,"classes":"btn-primary"},{"type":"text","subtype":"text","input":"alunno.nome","show":"true","disabled":"true","required":true,"valid":"true","label":"Nome minore","break":true},{"type":"text","subtype":"text","input":"alunno.cognome","show":"true","disabled":"true","required":true,"valid":"true","label":"Cognome minore","break":true},{"type":"text","subtype":"text","input":"alunno.codiceFiscale","show":"true","disabled":"true","required":true,"valid":"true","label":"Codice fiscale minore","break":true},{"type":"text","subtype":"text","input":"datiForm.importoDaVersare","show":"true","disabled":"true","required":true,"valid":"true","label":"Importo","break":true}],"header":{"title":"Riepilogo del pagamento"},"input":"","output":"","shared":false},{"type":"single","input":"","output":"","show":"true","shared":false,"elements":[{"type":"text","subtype":"text","input":"payment.transactionResult","show":"false","disabled":"true","required":true,"valid":"true","label":"Esito","break":true},{"type":"header","subtype":"h5","label":"Dopo aver cliccato sul pulsante \"PAGA\" verrai reindirizzato sulla pagina di cassa del Comune di Palermo.","show":"!($item.transactionResult\u003d\u003d\u0027COMPLETED\u0027 || $item.transactionResult\u003d\u003d\u0027WAITING\u0027 || $item.transactionResult\u003d\u003d\u0027RECEIPT\u0027)"},{"type":"header","subtype":"h5","label":"Il pagamento \u0026egrave; andato a buon fine e la ricevuta di pagamento \u0026egrave; stata elaborata. A breve sar\u0026agrave; disponibile nella sezione \"Documenti\"","show":"$item.transactionResult\u003d\u003d\u0027RECEIPT\u0027"},{"type":"header","subtype":"h5","label":"Hai gi\u0026agrave avviato una transazione di pagamento. Completa o annulla la transazione sul sistema di pagamento","show":"$item.transactionResult\u003d\u003d\u0027WAITING\u0027"},{"type":"header","subtype":"h5","label":"Il pagamento \u0026egrave; andato a buon fine. Il sistema sta elaborando la ricevuta di pagamento che riceverai a breve.","show":"$item.transactionResult\u003d\u003d\u0027COMPLETED\u0027"}]}]}],"sections":{}},"id":"92b50aaa-3175-421a-b167-a15c062b454d","lastModifiedTs":"2021-09-23T12:44:22.090Z"},"d470a04a-ea86-4a28-9855-e78eb5c995a6":{"schema":{"ftlType":"start","type":"object","properties":{},"title":"Avvio istanza","description":"Inserire i campi richiesti"},"lastModifiedBy":"admin","name":"Pagamento Refezione2.0#FTL","definition":{"wizard":false,"header":"\u003ch2\u003ePagamento Retta Scolastica A.A. 2020/2021\u003c/h2\u003e\n","footer":"","toolbar":{"position":"bottom","buttons":[{"type":"button","action":"save","customAction":"","actionUrl":"","actionUrlProcessor":"","validationUrl":"","validationUrlProcessor":"","onAction":"","show":"","disabled":"","label":"Salva Bozza e Chiudi","margin":"0","width":0.0,"break":false,"class":"btn-secondary"},{"type":"button","action":"submit","customAction":"","actionUrl":"","actionUrlProcessor":"","validationUrl":"","validationUrlProcessor":"","onAction":"","show":"","disabled":"!isValid()","label":"Completa e Procedi","margin":"5","width":0.0,"break":false,"class":"btn-primary"}]},"tabs":[{"title":"Pagamento","sticky":false,"disabled":"false","sections":[{"type":"single","input":"","output":"","show":"true","header":{"title":"Contribuente","collapsible":false},"shared":false,"elements":[{"type":"text","subtype":"text","input":"userinfo.FISCAL_CODE","show":"true","disabled":"true","required":true,"valid":"true","label":"Codice Fiscale","margin":"0","width":"6","break":true},{"type":"text","subtype":"text","input":"userinfo.FIRST_NAME","show":"true","disabled":"true","required":true,"valid":"true","label":"Nome","margin":"0","width":"4","break":false},{"type":"text","subtype":"text","input":"userinfo.LAST_NAME","show":"true","disabled":"true","required":true,"valid":"true","label":"Cognome","margin":"0","width":"4","break":false},{"type":"text","subtype":"text","input":"userinfo.SEX","show":"true","disabled":"true","required":true,"valid":"true","label":"Sesso","width":"4","break":true},{"type":"text","subtype":"text","input":"userinfo.EMAIL_ADDRESS","show":"true","disabled":"true","required":false,"valid":"true","label":"Email","width":"4","break":false},{"type":"text","subtype":"text","input":"userinfo.PEC","show":"true","disabled":"true","required":false,"valid":"true","label":"PEC","width":"4","break":true},{"type":"text","subtype":"text","input":"userinfo.TELEPHONE","show":"true","disabled":"true","required":false,"valid":"true","label":"Telefono","width":"4","break":false}]},{"type":"single","input":"","output":"","show":"true","header":{"title":"Alunno","collapsible":false},"elements":[{"type":"text","subtype":"text","input":"alunno.codiceFiscale","show":"true","disabled":"false","required":true,"valid":"true","label":"Codice Fiscale","width":"6","break":false},{"type":"button","action":"custom","customAction":"recuperaDatiAlunno","onAction":"btnRecuperaDatiAlunno","show":"true","disabled":"alunno.codiceFiscale\u003d\u003dnull || alunno.codiceFiscale.length !\u003d 16","label":"RECUPERA DATI","width":"6","break":true,"classes":"btn-primary"},{"type":"header","subtype":"h6","label":"Dati recuperati con successo","show":"alunno.nome!\u003dnull","style":"color: green"},{"type":"text","subtype":"text","input":"alunno.cognome","show":"true","disabled":"true","required":true,"valid":"true","label":"Cognome","width":"6","break":false},{"type":"text","subtype":"text","input":"alunno.nome","show":"true","disabled":"true","required":true,"valid":"true","label":"Nome","width":"6","break":true},{"type":"text","subtype":"text","input":"alunno.dataNascita","show":"true","disabled":"true","required":true,"valid":"true","label":"Data di nascita","width":"6","break":false},{"type":"text","subtype":"text","input":"alunno.luogoNascita","show":"true","disabled":"true","required":true,"valid":"true","label":"Luogo nascita","width":"6","break":true},{"type":"text","subtype":"text","input":"alunno.scuola","show":"true","disabled":"true","required":true,"valid":"true","label":"Scuola","width":"12","break":true},{"type":"text","subtype":"text","input":"alunno.tipoTariffa","show":"false","disabled":"true","required":true,"valid":"true","label":"$nbsp;","width":"1","break":false},{"type":"text","subtype":"text","input":"alunno.tipoTariffaDesc","show":"true","disabled":"true","required":true,"valid":"true","label":"Tipo tariffa","width":"6","break":false},{"type":"text","subtype":"text","input":"alunno.rataMensile","show":"true","disabled":"true","required":true,"valid":"true","label":"Rata mensile (\u0026euro;)","width":"6","break":true}],"shared":false},{"type":"single","input":"","output":"","show":"true","shared":false,"elements":[{"type":"text","subtype":"text","input":"datiForm.importoDaVersare","show":"true","disabled":"false","required":true,"valid":"true","label":"Importo da versare in euro","width":"6","break":true},{"type":"header","subtype":"h6","label":"Inserire l\u0027importo con la virgola come separatore dei decimali e senza separatore di migliaia (es: 1234,50)","show":"true","style":"color: green"}],"header":{"title":"Importo","collapsible":false}},{"type":"single","input":"","output":"","show":"true","elements":[{"type":"text","subtype":"text","input":"datiForm.dataPagamentoRata","show":"true","disabled":"true","required":true,"valid":"true","label":"\u0026nbsp;","width":"4","break":true},{"type":"text","subtype":"text","input":"userinfo.FIRST_NAME","show":"true","disabled":"true","required":true,"valid":"true","label":"\u0026nbsp;","margin":"4","width":"4","break":false},{"type":"text","subtype":"text","input":"userinfo.LAST_NAME","show":"true","disabled":"true","required":true,"valid":"true","label":"\u0026nbsp;","width":"4","break":true}]}]}],"sections":{},"script":"function onKsFormLoad () {\n  dataAttualeString \u003d convertDateToString(new Date());\n  this.datiForm.dataPagamentoRata \u003d dataAttualeString;\n  // qui simula il modello di ingresso\n  //this.userinfo.fiscalCode \u003d \u0027TRMSLL84R45G273Z\u0027;\n  if (this.userinfo.FISCAL_CODE\u003d\u003dnull){\n\t  this.userinfo.FISCAL_CODE \u003d \u0027TRMSLL84R45G273Z\u0027;\n  }\n}\n\n\nfunction convertDateToString(date) {\n\tvar anno \u003d date.getFullYear();\n\tvar mese \u003d aggiungiZero(date.getMonth()+1);\n\tvar giorno \u003d aggiungiZero(date.getDate());\n\treturn giorno+\"/\"+mese+\"/\"+anno;\n}\n\nfunction aggiungiZero(valore){\n\tvar result \u003d valore;\n\tif(valore \u003c 10){\n\t\tresult \u003d \"0\"+valore;\n\t}\n\treturn result;\n}\n\nfunction btnRecuperaDatiAlunno(){\n\tlet _this \u003d this;\n\tlet urlToCall \u003d \u0027/sispi/v1/refezione/alunno/\u0027+this.alunno.codiceFiscale;\n\tconsole.log(\"Recupero dati - \"+urlToCall);\n\taxios.get(urlToCall).then(function (response) {\n\t\tif (response.data.esito \u003d\u003d \u00270\u0027) {\n\t\t\tsettaDatiAlunno(response.data, _this);\n        //\t_this.alunno \u003d {\n        //  \t  codiceFiscale: response.data.codicefiscale,\n        //      nome: response.data.nome,\n        //      cognome: response.data.cognome,\n        //      dataNascita: response.data.data_nascita,\n        //      luogoNascita: response.data.luogo_nascita,\n        //      importo: response.data.importo_tariffa,\n        //      tipoTariffa: response.data.tipo_tariffa,\n        //      rataMensile: response.data.importo_tariffa,\n        //      scuola: response.data.descrizione_scuola\n        //  };\n\t\t} else{\n\t\t\t_this.alunno \u003d {};\n\t\t\t//TODO: debug da rimuovere\n\t\t\tsettaDatiAlunno(getDatiDefault(), _this);\n\t\t}\n\t\t_this.validate();\n\t}).catch(function (error) {\n\t\tif (error.response) {\n\t\t\t// The request was made and the server responded with a status code\n\t\t\t// that falls out of the range of 2xx\n\t\t\tconsole.log(error.response.data);\n\t\t\tconsole.log(error.response.status);\n\t\t\tconsole.log(error.response.headers);\n\t\t} else if (error.request) {\n\t\t\tconsole.log(error.request);\n\t\t} else {\n\t\t\tconsole.log(\u0027Error\u0027, error.message);\n\t\t}\n\t\tsettaDatiAlunno(getDatiDefault(), _this);\n\t\tconsole.log(error.config);\n\t}); \n}\n\nfunction getDatiDefault(){\n\treturn {\n\t\tcodicefiscale: \"SPRFNC73C53G273U\",\n\t\tnome: \"nomeminore\",\n\t\tcognome: \"cognomeminore\",\n\t\tdata_nascita: \"01/01/2000\",\n\t\tluogo_nascita: \"da qualche parte\",\n\t\timporto_tariffa: \"33,05\",\n\t\ttipo_tariffa: \"M\",\n\t\tdescrizione_scuola: \"descr scuola\",\n\t\tanno_refezione: \"2021\",\n\t\tprotocollo_domanda: \"P\"\n\t};\n}\n\nfunction settaDatiAlunno(alunno, vueRef){\n\tvar _this \u003d this;\n\tif(vueRef){\n\t\t_this \u003d vueRef;\n\t}\n\tvar tipo_tariffa_desc \u003d getTipoTariffaDesc(alunno.tipo_tariffa);\n\t_this.alunno \u003d {\n\t\tcodiceFiscale: alunno.codicefiscale,\n        nome: alunno.nome,\n        cognome: alunno.cognome,\n        dataNascita: alunno.data_nascita,\n        luogoNascita: alunno.luogo_nascita,\n        importo: alunno.importo_tariffa,\n        tipoTariffa: alunno.tipo_tariffa,\n        tipoTariffaDesc: tipo_tariffa_desc,\n        rataMensile: alunno.importo_tariffa,\n        scuola: alunno.descrizione_scuola,\n\t\tannoRefezione: alunno.anno_refezione,\n\t\tprotocolloDomanda: alunno.protocollo_domanda\n\t};\n}\n\nfunction getTipoTariffaDesc(tipoTariffa){\n\tvar descTariffa \u003d \"\";\n\tif(\"M\"\u003d\u003dtipoTariffa){\n\t\tdescTariffa \u003d \"Mensile\";\n\t}else if(\"G\"\u003d\u003dtipoTariffa){\n\t\tdescTariffa \u003d \"Giornaliera\";\n\t}else if(\"E\"\u003d\u003dtipoTariffa){\n\t\tdescTariffa \u003d \"Esente\";\n\t}\n\treturn descTariffa;\n}\n"},"id":"d470a04a-ea86-4a28-9855-e78eb5c995a6","lastModifiedTs":"2021-09-24T09:31:38.588Z"}}