-- MySQL dump 10.13  Distrib 5.5.27, for Linux (x86_64)
--
-- Host: localhost    Database: docersystem
-- ------------------------------------------------------
-- Server version       5.5.27-log
--sd
-- Table structure for table "authorizations"
--
CREATE TABLE "authorizations" (
  "id" integer NOT NULL,
  "servicename" varchar2(100) DEFAULT NULL,
  "idmethod" integer DEFAULT NULL,
  "callerip" varchar2(255) DEFAULT NULL,
  "keyfilter" varchar2(100) DEFAULT NULL,
  "usergroup" varchar2(255) DEFAULT NULL,
  "authtype" varchar2(50) DEFAULT NULL,
  "systemrule" varchar2(5) DEFAULT 'false' NOT NULL,
  "enabled" varchar2(5) DEFAULT 'false' NOT NULL ,
  PRIMARY KEY ("id")
);

--
-- Dumping data for table "authorizations"
--

INSERT INTO "authorizations" VALUES (1,'AuthorizationService',0,'*','*','*','*','true','true');
INSERT INTO "authorizations" VALUES (2,'AuthenticationService',0,'*','*','*','*','true','true');
INSERT INTO "authorizations" VALUES (4,'FrontendService',0,'*','*','*','*','true','true');
INSERT INTO "authorizations" VALUES (7,'DocerServices',0,'*','*','*','*','false','true');
INSERT INTO "authorizations" VALUES (13,'WSRegistrazione',77,'*','*','*','*','false','true');
INSERT INTO "authorizations" VALUES (14,'WSRegistrazione',84,'*','*','*','*','false','true');
INSERT INTO "authorizations" VALUES (15,'WSRegistrazione',85,'*','*','*','*','false','true');
INSERT INTO "authorizations" VALUES (16,'WSFascicolazione',78,'*','*','*','*','false','true');
INSERT INTO "authorizations" VALUES (17,'WSFascicolazione',82,'*','*','*','*','false','true');
INSERT INTO "authorizations" VALUES (18,'WSFascicolazione',83,'*','*','*','*','false','true');
INSERT INTO "authorizations" VALUES (19,'WSFascicolazione',79,'*','*','*','*','false','true');
INSERT INTO "authorizations" VALUES (20,'WSProtocollazione',0,'*','*','*','*','false','true');
INSERT INTO "authorizations" VALUES (21,'WSFascicolazione',87,'*','*','*','*','false','true');
INSERT INTO "authorizations" VALUES (22,'WSFascicolazione',88,'*','*','*','*','false','true');
INSERT INTO "authorizations" VALUES (25,'ConfigurationService',0,'*','*','SYS_ADMINS','*','true','true');
INSERT INTO "authorizations" VALUES (26,'ConfigurationService',95,'*','*','*','*','false','true');
INSERT INTO "authorizations" VALUES (29,'WSVerificaDocumenti',0,'*','*','*','*','false','true');

--
-- Table structure for table "commonconfig"
--

CREATE TABLE "commonconfig" (
  "id" integer NOT NULL,
  "category" varchar2(100) DEFAULT NULL,
  "keyname" varchar2(50) DEFAULT NULL,
  "value" varchar2(255) DEFAULT NULL,
  PRIMARY KEY ("id")
);

--
-- Dumping data for table "commonconfig"
--

INSERT INTO "commonconfig" VALUES (1,'test','keytest','valuetest');
INSERT INTO "commonconfig" VALUES (3,'testInsert','keytest1','keyvalue1');

--
-- Table structure for table "serviceinstance"
--

CREATE TABLE "serviceinstance" (
  "id" integer NOT NULL,
  "idserv" integer DEFAULT NULL,
  "url" varchar2(255) DEFAULT NULL,
  "enabled" varchar2(5) DEFAULT 'false' NOT NULL,
  "lastsync" date DEFAULT NULL,
  "lasterror" varchar2(255) DEFAULT NULL,
  "status" integer DEFAULT '1',
  PRIMARY KEY ("id")
);

--
-- Dumping data for table "serviceinstance"
--

INSERT INTO "serviceinstance" VALUES (1,1,'http://localhost:8080/WSDocer/services/DocerServices','true','','Impossibile eseguire la scrittura della configurazione per il servizio: http://localhost:8080/WSDocer/services/DocerServices',0);
INSERT INTO "serviceinstance" VALUES (2,4,'http://localhost:8080/WSRegistrazione/services/WSRegistrazione','true','','Impossibile eseguire la scrittura della configurazione per il servizio: http://localhost:8080/WSRegistrazione/services/WSRegistrazione2',0);
INSERT INTO "serviceinstance" VALUES (3,5,'http://localhost:8080/WSProtocollazione/services/WSProtocollazione','true','',NULL,0);
INSERT INTO "serviceinstance" VALUES (4,6,'http://localhost:8080/WSFascicolazione/services/WSFascicolazione','true','',NULL,0);
INSERT INTO "serviceinstance" VALUES (5,7,'http://localhost:8080/xforms/services/FrontendService','true','',NULL,0);
INSERT INTO "serviceinstance" VALUES (6,8,'http://localhost:8080/docersystem/services/ConfigurationService','true','','Confgurazione non valida (blank).',2);
INSERT INTO "serviceinstance" VALUES (8,9,'http://localhost:8080/WSVerificaDocumenti/services/WSVerificaDocumenti','true','',NULL,0);

--
-- Table structure for table "servicemethods"
--

CREATE TABLE "servicemethods" (
  "id" integer NOT NULL,
  "idserv" integer DEFAULT NULL,
  "methodname" varchar2(255) DEFAULT NULL,
  "displayname" clob,
  "visible" varchar2(5) DEFAULT 'false' NOT NULL,
  PRIMARY KEY ("id")
);

--
-- Dumping data for table "servicemethods"
--

INSERT INTO "servicemethods" VALUES (0,-1,'*','Tutti i metodi','false');
INSERT INTO "servicemethods" VALUES (1,1,'addNewVersion','test metodo','true');
INSERT INTO "servicemethods" VALUES (2,1,'addRelated','addRelated','true');
INSERT INTO "servicemethods" VALUES (3,1,'addRiferimentiDocuments','addRiferimentiDocuments','true');
INSERT INTO "servicemethods" VALUES (4,1,'addToFolderDocuments','addToFolderDocuments','true');
INSERT INTO "servicemethods" VALUES (5,1,'createAOO','createAOO','true');
INSERT INTO "servicemethods" VALUES (6,1,'createAnagraficaCustom','createAnagraficaCustom','true');
INSERT INTO "servicemethods" VALUES (7,1,'createDocument','createDocument','true');
INSERT INTO "servicemethods" VALUES (8,1,'createEnte','createEnte','true');
INSERT INTO "servicemethods" VALUES (9,1,'createFascicolo','createFascicolo','true');
INSERT INTO "servicemethods" VALUES (10,1,'createFolder','createFolder','true');
INSERT INTO "servicemethods" VALUES (11,1,'createGroup','createGroup','true');
INSERT INTO "servicemethods" VALUES (12,1,'createTitolario','createTitolario','true');
INSERT INTO "servicemethods" VALUES (13,1,'createUser','createUser','true');
INSERT INTO "servicemethods" VALUES (14,1,'deleteDocument','deleteDocument','true');
INSERT INTO "servicemethods" VALUES (15,1,'deleteFolder','deleteFolder','true');
INSERT INTO "servicemethods" VALUES (16,1,'downloadDocument','downloadDocument','true');
INSERT INTO "servicemethods" VALUES (17,1,'downloadVersion','downloadVersion','true');
INSERT INTO "servicemethods" VALUES (18,1,'fascicolaDocumento','fascicolaDocumento','true');
INSERT INTO "servicemethods" VALUES (19,1,'getACLDocument','getACLDocument','true');
INSERT INTO "servicemethods" VALUES (20,1,'getACLFascicolo','getACLFascicolo','true');
INSERT INTO "servicemethods" VALUES (21,1,'getACLFolder','getACLFolder','true');
INSERT INTO "servicemethods" VALUES (22,1,'getACLTitolario','getACLTitolario','true');
INSERT INTO "servicemethods" VALUES (23,1,'getAOO','getAOO','true');
INSERT INTO "servicemethods" VALUES (24,1,'getAnagraficaCustom','getAnagraficaCustom','true');
INSERT INTO "servicemethods" VALUES (25,1,'getDocumentTypes','getDocumentTypes','true');
INSERT INTO "servicemethods" VALUES (26,1,'getEnte','getEnte','true');
INSERT INTO "servicemethods" VALUES (27,1,'getFascicolo','getFascicolo','true');
INSERT INTO "servicemethods" VALUES (28,1,'getFolderDocuments','getFolderDocuments','true');
INSERT INTO "servicemethods" VALUES (29,1,'getGroup','getGroup','true');
INSERT INTO "servicemethods" VALUES (30,1,'getGroupsOfUser','getGroupsOfUser','true');
INSERT INTO "servicemethods" VALUES (31,1,'getHistory','getHistory','true');
INSERT INTO "servicemethods" VALUES (32,1,'getLockStatus','getLockStatus','true');
INSERT INTO "servicemethods" VALUES (33,1,'getProfileDocument','getProfileDocument','true');
INSERT INTO "servicemethods" VALUES (34,1,'getRelatedDocuments','getRelatedDocuments','true');
INSERT INTO "servicemethods" VALUES (35,1,'getRiferimentiDocuments','getRiferimentiDocuments','true');
INSERT INTO "servicemethods" VALUES (36,1,'getTitolario','getTitolario','true');
INSERT INTO "servicemethods" VALUES (37,1,'getUser','getUser','true');
INSERT INTO "servicemethods" VALUES (38,1,'getUserRights','getUserRights','true');
INSERT INTO "servicemethods" VALUES (39,1,'getUsersOfGroup','getUsersOfGroup','true');
INSERT INTO "servicemethods" VALUES (40,1,'getVersions','getVersions','true');
INSERT INTO "servicemethods" VALUES (41,1,'lockDocument','lockDocument','true');
INSERT INTO "servicemethods" VALUES (42,1,'login','login','true');
INSERT INTO "servicemethods" VALUES (43,1,'logout','logout','true');
INSERT INTO "servicemethods" VALUES (44,1,'protocollaDocumento','protocollaDocumento','true');
INSERT INTO "servicemethods" VALUES (45,1,'readConfig','readConfig','true');
INSERT INTO "servicemethods" VALUES (46,1,'registraDocumento','registraDocumento','true');
INSERT INTO "servicemethods" VALUES (47,1,'removeFromFolderDocuments','removeFromFolderDocuments','true');
INSERT INTO "servicemethods" VALUES (48,1,'removeRelated','removeRelated','true');
INSERT INTO "servicemethods" VALUES (49,1,'removeRiferimentiDocuments','removeRiferimentiDocuments','true');
INSERT INTO "servicemethods" VALUES (50,1,'replaceLastVersion','replaceLastVersion','false');
INSERT INTO "servicemethods" VALUES (51,1,'searchAnagrafiche','searchAnagrafiche','false');
INSERT INTO "servicemethods" VALUES (52,1,'searchDocuments','searchDocuments','false');
INSERT INTO "servicemethods" VALUES (53,1,'searchFolders','searchFolders','false');
INSERT INTO "servicemethods" VALUES (54,1,'searchGroups','searchGroups','false');
INSERT INTO "servicemethods" VALUES (55,1,'searchUsers','searchUsers','false');
INSERT INTO "servicemethods" VALUES (56,1,'setACLDocument','setACLDocument','false');
INSERT INTO "servicemethods" VALUES (57,1,'setACLFascicolo','setACLFascicolo','false');
INSERT INTO "servicemethods" VALUES (58,1,'setACLFolder','setACLFolder','false');
INSERT INTO "servicemethods" VALUES (59,1,'setACLTitolario','setACLTitolario','false');
INSERT INTO "servicemethods" VALUES (60,1,'setGroupsOfUser','setGroupsOfUser','false');
INSERT INTO "servicemethods" VALUES (61,1,'setUsersOfGroup','setUsersOfGroup','false');
INSERT INTO "servicemethods" VALUES (62,1,'unlockDocument','unlockDocument','false');
INSERT INTO "servicemethods" VALUES (63,1,'updateAOO','updateAOO','false');
INSERT INTO "servicemethods" VALUES (64,1,'updateAnagraficaCustom','updateAnagraficaCustom','false');
INSERT INTO "servicemethods" VALUES (65,1,'updateEnte','updateEnte','false');
INSERT INTO "servicemethods" VALUES (66,1,'updateFascicolo','updateFascicolo','false');
INSERT INTO "servicemethods" VALUES (67,1,'updateFolder','updateFolder','false');
INSERT INTO "servicemethods" VALUES (68,1,'updateGroup','updateGroup','false');
INSERT INTO "servicemethods" VALUES (69,1,'updateGroupsOfUser','updateGroupsOfUser','false');
INSERT INTO "servicemethods" VALUES (70,1,'updateProfileDocument','updateProfileDocument','false');
INSERT INTO "servicemethods" VALUES (71,1,'updateTitolario','updateTitolario','false');
INSERT INTO "servicemethods" VALUES (72,1,'updateUser','updateUser','false');
INSERT INTO "servicemethods" VALUES (73,1,'updateUsersOfGroup','updateUsersOfGroup','false');
INSERT INTO "servicemethods" VALUES (74,1,'verifyTicket','verifyTicket','false');
INSERT INTO "servicemethods" VALUES (75,1,'writeConfig','writeConfig','false');
INSERT INTO "servicemethods" VALUES (76,5,'protocollaById','protocollaById','true');
INSERT INTO "servicemethods" VALUES (77,4,'registraById','registraById','true');
INSERT INTO "servicemethods" VALUES (78,6,'fascicolaById','fascicolaById','true');
INSERT INTO "servicemethods" VALUES (79,6,'creaFascicolo','creaFascicolo','true');
INSERT INTO "servicemethods" VALUES (80,5,'readConfig','readConfig','true');
INSERT INTO "servicemethods" VALUES (81,5,'writeConfig','writeConfig','true');
INSERT INTO "servicemethods" VALUES (82,6,'readConfig','readConfig','true');
INSERT INTO "servicemethods" VALUES (83,6,'writeConfig','writeConfig','true');
INSERT INTO "servicemethods" VALUES (84,4,'readConfig','readConfig','true');
INSERT INTO "servicemethods" VALUES (85,4,'writeConfig','writeConfig','true');
INSERT INTO "servicemethods" VALUES (87,6,'updateFascicolo','updateFascicolo','true');
INSERT INTO "servicemethods" VALUES (88,6,'updateACLFascicolo','updateACLFascicolo','true');
INSERT INTO "servicemethods" VALUES (89,6,'forzaNuovoFascicolo','forzaNuovoFascicolo','true');
INSERT INTO "servicemethods" VALUES (90,8,'publishServiceConfig','publishServiceConfig','true');
INSERT INTO "servicemethods" VALUES (91,8,'addService','addService','true');
INSERT INTO "servicemethods" VALUES (92,8,'deleteConfigCategory','deleteConfigCategory','true');
INSERT INTO "servicemethods" VALUES (93,8,'deleteConfigParam','deleteConfigParam','true');
INSERT INTO "servicemethods" VALUES (94,8,'getLoginServices','getLoginServices','true');
INSERT INTO "servicemethods" VALUES (95,8,'getServiceConfig','getServiceConfig','true');
INSERT INTO "servicemethods" VALUES (96,8,'getServiceInstances','getServiceInstances','true');
INSERT INTO "servicemethods" VALUES (97,8,'getServiceList','getServiceList','true');
INSERT INTO "servicemethods" VALUES (98,8,'publishAllServiceConfig','publishAllServiceConfig','true');
INSERT INTO "servicemethods" VALUES (99,8,'publishServiceConfig','publishServiceConfig','true');
INSERT INTO "servicemethods" VALUES (100,8,'readConfigCategory','readConfigCategory','true');
INSERT INTO "servicemethods" VALUES (101,8,'readConfigParam','readConfigParam','true');
INSERT INTO "servicemethods" VALUES (102,8,'readService','readService','true');
INSERT INTO "servicemethods" VALUES (103,8,'removeService','removeService','true');
INSERT INTO "servicemethods" VALUES (104,8,'setServiceConfig','setServiceConfig','true');
INSERT INTO "servicemethods" VALUES (105,8,'updateService','updateService','true');
INSERT INTO "servicemethods" VALUES (106,8,'writeConfigParam','writeConfigParam','true');

--
-- Table structure for table "services"
--

CREATE TABLE "services" (
  "id" integer NOT NULL,
  "groupname" varchar2(255) DEFAULT NULL,
  "description" clob,
  "prevxml" clob,
  "xmlconfig" clob,
  "enabled" varchar2(5) DEFAULT 'false' NOT NULL,
  "haslogin" varchar2(5) DEFAULT 'false' NOT NULL,
  "lastupdate" date DEFAULT NULL,
  "status" integer DEFAULT NULL,
  PRIMARY KEY ("id")
);

--
-- Dumping data for table "services"
--

INSERT INTO "services" VALUES (1,'DocerServices','Sistema Documentale','<configuration xmlns:xsl=\"http://www.w3.org/1999/XSL/Transform\" xmlns:ev=\"http://www.w3.org/2001/xml-events\" xmlns:xi=\"http://www.w3.org/2001/XInclude\" xmlns:xforms=\"http://www.w3.org/2002/xforms\" xmlns:xhtml=\"http://www.w3.org/1999/xhtml\" xmlns:saxon=\"http://saxon.sf.net/\" xmlns:xs=\"http://www.w3.org/2001/XMLSchema\" xmlns:kforms=\"http://kforms.tempuri.org\" xmlns:xbl=\"http://www.w3.org/ns/xbl\" xmlns:version=\"java:org.orbeon.oxf.common.Version\" xmlns:sxc=\"http://sxc.tempuri.org\" xmlns:xsd=\"http://www.w3.org/2001/XMLSchema\" xmlns:fr=\"http://orbeon.org/oxf/xml/form-runner\" xmlns:fn=\"http://www.w3.org/2005/02/xpath-functions\" xmlns:xxforms=\"http://orbeon.org/oxf/xml/xforms\" xmlns:xsi=\"http://www.w3.org/2001/XMLSchema-instance\"><group name=\"business_logic_variables\">\n    <titolario_separator value=\".\" />\n    <fascicolo_separator value=\"/\" />\n    <migration_mode value=\"false\" />\n    <fascicoli_secondari_mapping anno_fascicolo_position=\"$2\" classifica_position=\"$1\" progr_fascicolo_position=\"$3\" regexp=\"^([^/]+)/([12][0-9][0-9][0-9])/(.+)$\" />\n  </group><group description=\"abc\" name=\"impianto\" readonly=\"true\">\n    <section name=\"fields\">\n      <enabled type=\"xs:boolean\" />\n      <des_ente format=\".+\" type=\"xs:string\" />\n      <des_aoo format=\".+\" type=\"xs:string\" />\n      <des_titolario format=\".+\" type=\"xs:string\" />\n      <des_fascicolo format=\".+\" type=\"xs:string\" />\n      <docnum type=\"xs:string\" />\n      <stato_pantarei format=\"^[1-6]$\" type=\"xs:string\" />\n      <docname type=\"xs:string\" />\n      <abstract type=\"xs:string\" />\n      <default_extension position=\"1\" type=\"xs:string\" />\n      <type_id type=\"xs:string\" />\n      <cod_ente format=\".+\" type=\"xs:string\" />\n      <cod_aoo format=\".+\" type=\"xs:string\" />\n      <classifica format=\".*\" type=\"xs:string\" />\n      <cod_area anagraficaTypeId=\"area_tematica\" displayName=\"Codice Area\" format=\".+\" type=\"xs:string\" />\n      <des_area anagraficaTypeId=\"area_tematica\" displayName=\"Descrizione Area\" format=\".+\" type=\"xs:string\" />\n      <anno_fascicolo format=\"^$|^0$|^(19[0-9][0-9])$|^(20[0-9][0-9])$\" type=\"xs:int\" />\n      <progr_fascicolo format=\".*\" type=\"xs:string\" />\n      <anno_pg format=\"^$^0$|^(19[0-9][0-9])$|^(20[0-9][0-9])$\" type=\"xs:int\" />\n      <num_pg format=\".*\" type=\"xs:string\" />\n      <oggetto_pg format=\".*\" type=\"xs:string\" />\n      <registro_pg format=\".*\" type=\"xs:string\" />\n      <data_pg format=\"yyyy-MM-dd''T''HH:mm:ss\" type=\"xs:dateTime\" />\n      <author_id format=\".+\" type=\"xs:string\" />\n      <typist_id format=\".+\" type=\"xs:string\" />\n      <creation_date format=\"yyyy-MM-dd''T''HH:mm:ss\" type=\"xs:dateTime\" />\n      <fasc_secondari format=\"^$|^([^/]+)/([12][0-9][0-9][0-9])/(.+)$\" type=\"xs:string\" />\n      <d_registraz format=\"yyyy-MM-dd''T''HH:mm:ss\" type=\"xs:dateTime\" />\n      <n_registraz format=\".+\" type=\"xs:string\" />\n      <a_registraz format=\"^0$|^(19[0-9][0-9])$|^(20[0-9][0-9])$\" type=\"xs:int\" />\n      <o_registraz format=\".*\" type=\"xs:string\" />\n      <id_registro format=\".+\" type=\"xs:string\" />\n      <stato_conserv format=\"^$|^-1$|^[0-4]$\" type=\"xs:string\" />\n      <usa_d_co_cer format=\".*\" type=\"xs:string\" />\n      <t_d_contr_cer format=\".*\" type=\"xs:string\" />\n      <d_co_cer format=\"yyyy-MM-dd''T''HH:mm:ss\" type=\"xs:dateTime\" />\n      <forza_coll format=\".+\" type=\"xs:string\" />\n      <forza_accettaz format=\".*\" type=\"xs:string\" />\n      <forza_conserv format=\".*\" type=\"xs:string\" />\n      <flag_conserv format=\".*\" type=\"xs:string\" />\n      <t_conserv format=\".*\" type=\"xs:string\" />\n      <doc_url format=\".*\" type=\"xs:string\" />\n      <archive_type format=\".*\" type=\"xs:string\" />\n      <cod_titolario format=\".*\" type=\"xs:string\" />\n      <num_fascicolo format=\".*\" type=\"xs:string\" />\n      <app_versante format=\".*\" type=\"xs:string\" />\n      <data_bu format=\"yyyy-MM-dd''T''HH:mm:ss\" type=\"xs:dateTime\" />\n      <annata_bu format=\"^0$|^(19[0-9][0-9])$|^(20[0-9][0-9])$\" type=\"xs:int\" />\n      <parte_bu format=\".*\" type=\"xs:string\" />\n      <ms_t_registraz format=\".*\" type=\"xs:string\" />\n      <numerazione_bu format=\".*\" type=\"xs:string\" />\n      <numero_bu format=\".*\" type=\"xs:string\" />\n      <tipo_componente format=\"^(|PRINCIPALE|ANNESSO|ANNOTAZIONE|ALLEGATO)$\" type=\"xs:string\" />\n      <docnum_princ type=\"xs:int\" />\n      <parent_classifica format=\".+\" type=\"xs:string\" />\n      <parent_progr_fascicolo format=\".+\" type=\"xs:string\" />\n      <numero_pub type=\"xs:string\" />\n      <registro_pub type=\"xs:string\" />\n     <pubblicato type=\"xs:string\" />\n      <anno_pub format=\"^0$|^(19[0-9][0-9])$|^(20[0-9][0-9])$\" type=\"xs:int\" />\n      <oggetto_pub type=\"xs:string\" />\n      <data_inizio_pub type=\"xs:dateTime\" />\n      <data_fine_pub type=\"xs:dateTime\" />\n      <stato_archivistico format=\"^(|1|2|3|4|5|6|7)$\" type=\"xs:string\" />\n      <stato_business format=\"^(|-1|2|3|7|11)$\" type=\"xs:string\" />\n      <mittenti type=\"xs:string\" />\n      <destinatari type=\"xs:string\" />\n      <tipo_protocollazione type=\"xs:string\" />\n      <tipo_firma type=\"xs:string\" />\n      <firmatario type=\"xs:string\" />\n      <custom_document_1 custom=\"true\" displayName=\"Campo Custom 1\" format=\".+\" multivalue=\"false\" position=\"0\" type=\"xs:string\" />\n      <custom_ente_1 custom=\"true\" displayName=\"Custom Ente 1\" format=\".+\" multivalue=\"false\" position=\"0\" type=\"xs:string\" />\n      <custom_aoo_1 custom=\"true\" displayName=\"Custom AOO 1\" format=\".+\" multivalue=\"false\" position=\"0\" type=\"xs:string\" />\n      <custom_titolario_1 custom=\"true\" displayName=\"Custom Titolario\" format=\".+\" multivalue=\"false\" position=\"0\" type=\"xs:string\" />\n      <custom_fascicolo_1 custom=\"true\" displayName=\"Custom Fasc 1\" format=\".+\" multivalue=\"false\" position=\"0\" type=\"xs:string\" />\n      <custom_field_string custom=\"true\" displayName=\"Custom Tipo String\" format=\".*\" type=\"xs:string\" />\n      <custom_field_int custom=\"true\" displayName=\"Custom Tipo Int\" format=\".*\" type=\"xs:int\" />\n      <custom_field_datetime custom=\"true\" displayName=\"Custom Tipo Datetime\" format=\".*\" type=\"xs:date\" />\n      <custom_field_boolean custom=\"true\" displayName=\"Custom Tipo Boolean\" format=\".*\" type=\"xs:boolean\" />\n      <custom_field_decimal custom=\"true\" displayName=\"Custom Tipo Decimal\" format=\".*\" type=\"xs:decimal\" />\n      <secondary_group_id custom=\"true\" displayName=\"Gruppo AOO Utente\" format=\".*\" type=\"xs:string\" />\n      <cod_cliente anagraficaTypeId=\"cliente\" displayName=\"Codice Cliente\" format=\".+\" type=\"xs:string\" />\n      <des_cliente anagraficaTypeId=\"cliente\" displayName=\"Descrizione Cliente\" format=\".*\" type=\"xs:string\" />\n      <cod_fornitore anagraficaTypeId=\"fornitore\" displayName=\"Codice Fornitore\" format=\".+\" type=\"xs:string\" />\n      <des_fornitore anagraficaTypeId=\"fornitore\" displayName=\"Descrizione Fornitore\" format=\".*\" type=\"xs:string\" />\n    </section>\n    <section name=\"baseprofile\">\n      <docnum />\n      <stato_pantarei />\n      <stato_business />\n      <docname />\n      <abstract />\n      <default_extension />\n      <type_id />\n      <cod_ente />\n      <cod_aoo />\n      <classifica />\n      <anno_fascicolo />\n      <progr_fascicolo />\n      <cod_titolario />\n      <num_fascicolo />\n      <anno_pg />\n      <num_pg />\n      <oggetto_pg />\n      <registro_pg />\n      <data_pg />\n      <author_id />\n      <typist_id />\n      <creation_date />\n      <fasc_secondari />\n      <d_registraz />\n      <n_registraz />\n      <a_registraz />\n      <o_registraz />\n      <id_registro />\n      <stato_conserv />\n      <usa_d_co_cer />\n      <t_d_contr_cer />\n      <d_co_cer />\n      <forza_coll />\n      <forza_accettaz />\n      <forza_conserv />\n      <flag_conserv />\n      <t_conserv />\n      <doc_url />\n      <archive_type />\n      <app_versante />\n      <data_bu />\n      <annata_bu />\n      <parte_bu />\n      <ms_t_registraz />\n      <numerazione_bu />\n      <numero_bu />\n      <tipo_componente />\n      <docnum_princ />\n      <registro_pub />\n      <pubblicato />\n      <numero_pub />\n      <anno_pub />\n      <oggetto_pub />\n      <data_inizio_pub />\n      <data_fine_pub />\n      <stato_archivistico />\n      <mittenti />\n      <destinatari />\n      <tipo_protocollazione />\n      <tipo_firma />\n      <firmatario />\n    </section>\n    <section name=\"document_types\">\n      <type description=\"Documento\" name=\"DOCUMENTO\" providerTypeId=\"documento\">\n        <cod_cliente role=\"codice\" />\n       <des_cliente role=\"descrizione\" />\n  <cod_fornitore role=\"codice\" />\n     <des_fornitore role=\"descrizione\" />\n        <cod_area role=\"codice\" />\n  <des_area role=\"descrizione\" />\n     <custom_document_1 />\n <custom_ente_1 />\n     <custom_aoo_1 />\n      <custom_titolario_1 />\n        <custom_fascicolo_1 />\n        <custom_field_string />\n       <custom_field_int />\n  <custom_field_datetime />\n     <custom_field_boolean />\n      <custom_field_decimal />\n      </type>\n      <type description=\"Repertorio 1\" name=\"REPERTORIO1\" providerTypeId=\"documento\">\n  <cod_cliente role=\"codice\" />\n       <des_cliente role=\"descrizione\" />\n  <cod_fornitore role=\"codice\" />\n     <des_fornitore role=\"descrizione\" />\n        <custom_document_1 />\n <custom_ente_1 />\n     <custom_aoo_1 />\n      <custom_titolario_1 />\n        <custom_fascicolo_1 />\n        <custom_field_string />\n       <custom_field_int />\n  <custom_field_datetime />\n     <custom_field_boolean />\n      <custom_field_decimal />\n      </type>\n      <type description=\"Repertorio 2\" name=\"REPERTORIO2\" providerTypeId=\"documento\">\n  <cod_cliente role=\"codice\" />\n       <des_cliente role=\"descrizione\" />\n  <cod_fornitore role=\"codice\" />\n     <des_fornitore role=\"descrizione\" />\n        <custom_document_1 />\n <custom_ente_1 />\n     <custom_aoo_1 />\n      <custom_titolario_1 />\n        <custom_fascicolo_1 />\n        <custom_field_string />\n       <custom_field_int />\n  <custom_field_datetime />\n     <custom_field_boolean />\n      <custom_field_decimal />\n      </type>\n    </section>\n    <section name=\"anagrafiche_types\">\n      <type name=\"ente\">\n <cod_ente />\n  <des_ente />\n  <enabled />\n      </type>\n      <type name=\"aoo\">\n <cod_ente />\n  <cod_aoo />\n   <des_aoo />\n   <enabled />\n      </type>\n      <type name=\"titolario\">\n   <cod_ente />\n  <cod_aoo />\n   <classifica />\n        <cod_titolario />\n     <parent_classifica />\n <des_titolario />\n     <enabled />\n      </type>\n      <type name=\"fascicolo\">\n   <cod_ente />\n  <cod_aoo />\n   <classifica />\n        <cod_titolario />\n     <num_fascicolo />\n     <progr_fascicolo />\n   <anno_fascicolo />\n    <parent_progr_fascicolo />\n    <des_fascicolo />\n     <enabled />\n      </type>\n      <type custom=\"true\" displayName=\"Area Tematica\" name=\"area_tematica\">\n <cod_ente />\n  <cod_aoo />\n   <cod_area role=\"codice\" />\n  <des_area role=\"descrizione\" />\n     <enabled />\n      </type>\n      <type custom=\"true\" displayName=\"Cliente\" name=\"cliente\">\n     <cod_ente />\n  <cod_aoo />\n   <cod_cliente role=\"codice\" />\n       <des_cliente role=\"descrizione\" />\n      </type>\n      <type custom=\"true\" displayName=\"Fornitori\" name=\"fornitore\">\n        <cod_ente />\n  <cod_aoo />\n   <cod_fornitore role=\"codice\" />\n     <des_fornitore role=\"descrizione\" />\n      </type>\n    </section>\n    <section name=\"hitlists\">\n      <type description=\"Hitlist Documenti\" name=\"hitlist\">\n       <docnum />\n    <stato_pantarei />\n    <docname />\n   <abstract />\n  <default_extension />\n <type_id />\n   <cod_ente />\n  <cod_aoo />\n   <tipo_componente />\n   <anno_pg />\n   <num_pg />\n    <registro_pg />\n       <n_registraz />\n       <a_registraz />\n       <id_registro />\n        <stato_archivistico />\n      </type>\n      <type name=\"hitlist_ente\">\n    <cod_ente />\n  <des_ente />\n  <enabled />\n      </type>\n      <type name=\"hitlist_aoo\">\n <cod_ente />\n  <cod_aoo />\n   <des_aoo />\n   <enabled />\n      </type>\n      <type name=\"hitlist_titolario\">\n   <cod_ente />\n  <cod_aoo />\n   <classifica />\n        <parent_classifica />\n <des_titolario />\n     <enabled />\n      </type>\n      <type name=\"hitlist_fascicolo\">\n   <cod_ente />\n  <cod_aoo />\n   <classifica />\n        <progr_fascicolo />\n   <anno_fascicolo />\n    <parent_progr_fascicolo />\n    <des_fascicolo />\n     <enabled />\n      </type>\n      <type name=\"hitlist_area_tematica\">\n       <cod_ente />\n  <cod_aoo />\n   <cod_area />\n  <des_area />\n      </type>\n      <type name=\"hitlist_cliente\">\n    <cod_ente />\n  <cod_aoo />\n   <cod_cliente />\n       <des_cliente />\n      </type>\n      <type name=\"hitlist_fornitore\">\n       <cod_ente />\n  <cod_aoo />\n   <cod_fornitore />\n     <des_fornitore />\n      </type>\n    </section>\n  </group><group description=\"abc\" name=\"form_dinamiche\">\n    <section name=\"documenti\"><ente id=\"ENTE1\"><aoo id=\"AOO1\"><documento type=\"DOCUMENTO\" /><documento type=\"REPERTORIO1\"><cliente anagrafica=\"true\" type=\"anagrafica\" displayName=\"Cliente\" position=\"\" group=\"Campi anag\" /></documento></aoo></ente>\n      \n    </section>\n    <section name=\"anagrafiche\">\n\n    </section>\n  </group></configuration>','<configuration xmlns:xsl=\"http://www.w3.org/1999/XSL/Transform\" xmlns:xi=\"http://www.w3.org/2001/XInclude\" xmlns:ev=\"http://www.w3.org/2001/xml-events\" xmlns:xforms=\"http://www.w3.org/2002/xforms\" xmlns:xhtml=\"http://www.w3.org/1999/xhtml\" xmlns:saxon=\"http://saxon.sf.net/\" xmlns:xs=\"http://www.w3.org/2001/XMLSchema\" xmlns:kforms=\"http://kforms.tempuri.org\" xmlns:xbl=\"http://www.w3.org/ns/xbl\" xmlns:version=\"java:org.orbeon.oxf.common.Version\" xmlns:sxc=\"http://sxc.tempuri.org\" xmlns:xsd=\"http://www.w3.org/2001/XMLSchema\" xmlns:fr=\"http://orbeon.org/oxf/xml/form-runner\" xmlns:xxforms=\"http://orbeon.org/oxf/xml/xforms\" xmlns:fn=\"http://www.w3.org/2005/02/xpath-functions\" xmlns:xsi=\"http://www.w3.org/2001/XMLSchema-instance\"><group name=\"business_logic_variables\">\n    <titolario_separator value=\".\" />\n    <fascicolo_separator value=\"/\" />\n    <migration_mode value=\"false\" />\n    <fascicoli_secondari_mapping anno_fascicolo_position=\"$2\" classifica_position=\"$1\" progr_fascicolo_position=\"$3\" regexp=\"^([^/]+)/([12][0-9][0-9][0-9])/(.+)$\" />\n  </group><group description=\"abc\" name=\"impianto\" readonly=\"true\">\n    <section name=\"fields\">\n      <enabled type=\"xs:boolean\" />\n      <des_ente format=\".+\" type=\"xs:string\" />\n      <des_aoo format=\".+\" type=\"xs:string\" />\n      <des_titolario format=\".+\" type=\"xs:string\" />\n      <des_fascicolo format=\".+\" type=\"xs:string\" />\n      <docnum type=\"xs:string\" />\n      <stato_pantarei format=\"^[1-6]$\" type=\"xs:string\" />\n      <docname type=\"xs:string\" />\n      <abstract type=\"xs:string\" />\n      <default_extension position=\"1\" type=\"xs:string\" />\n      <type_id type=\"xs:string\" />\n      <cod_ente format=\".+\" type=\"xs:string\" />\n      <cod_aoo format=\".+\" type=\"xs:string\" />\n      <classifica format=\".*\" type=\"xs:string\" />\n      <cod_area anagraficaTypeId=\"area_tematica\" displayName=\"Codice Area\" format=\".+\" type=\"xs:string\" />\n      <des_area anagraficaTypeId=\"area_tematica\" displayName=\"Descrizione Area\" format=\".+\" type=\"xs:string\" />\n      <anno_fascicolo format=\"^$|^0$|^(19[0-9][0-9])$|^(20[0-9][0-9])$\" type=\"xs:int\" />\n      <progr_fascicolo format=\".*\" type=\"xs:string\" />\n      <anno_pg format=\"^$^0$|^(19[0-9][0-9])$|^(20[0-9][0-9])$\" type=\"xs:int\" />\n      <num_pg format=\".*\" type=\"xs:string\" />\n      <oggetto_pg format=\".*\" type=\"xs:string\" />\n      <registro_pg format=\".*\" type=\"xs:string\" />\n      <data_pg format=\"yyyy-MM-dd''T''HH:mm:ss\" type=\"xs:dateTime\" />\n      <author_id format=\".+\" type=\"xs:string\" />\n      <typist_id format=\".+\" type=\"xs:string\" />\n      <creation_date format=\"yyyy-MM-dd''T''HH:mm:ss\" type=\"xs:dateTime\" />\n      <fasc_secondari format=\"^$|^([^/]+)/([12][0-9][0-9][0-9])/(.+)$\" type=\"xs:string\" />\n      <d_registraz format=\"yyyy-MM-dd''T''HH:mm:ss\" type=\"xs:dateTime\" />\n      <n_registraz format=\".+\" type=\"xs:string\" />\n      <a_registraz format=\"^0$|^(19[0-9][0-9])$|^(20[0-9][0-9])$\" type=\"xs:int\" />\n      <o_registraz format=\".*\" type=\"xs:string\" />\n      <id_registro format=\".+\" type=\"xs:string\" />\n      <stato_conserv format=\"^$|^-1$|^[0-4]$\" type=\"xs:string\" />\n      <usa_d_co_cer format=\".*\" type=\"xs:string\" />\n      <t_d_contr_cer format=\".*\" type=\"xs:string\" />\n      <d_co_cer format=\"yyyy-MM-dd''T''HH:mm:ss\" type=\"xs:dateTime\" />\n      <forza_coll format=\".+\" type=\"xs:string\" />\n      <forza_accettaz format=\".*\" type=\"xs:string\" />\n      <forza_conserv format=\".*\" type=\"xs:string\" />\n      <flag_conserv format=\".*\" type=\"xs:string\" />\n      <t_conserv format=\".*\" type=\"xs:string\" />\n      <doc_url format=\".*\" type=\"xs:string\" />\n      <archive_type format=\".*\" type=\"xs:string\" />\n      <cod_titolario format=\".*\" type=\"xs:string\" />\n      <num_fascicolo format=\".*\" type=\"xs:string\" />\n      <app_versante format=\".*\" type=\"xs:string\" />\n      <data_bu format=\"yyyy-MM-dd''T''HH:mm:ss\" type=\"xs:dateTime\" />\n      <annata_bu format=\"^0$|^(19[0-9][0-9])$|^(20[0-9][0-9])$\" type=\"xs:int\" />\n      <parte_bu format=\".*\" type=\"xs:string\" />\n      <ms_t_registraz format=\".*\" type=\"xs:string\" />\n      <numerazione_bu format=\".*\" type=\"xs:string\" />\n      <numero_bu format=\".*\" type=\"xs:string\" />\n      <tipo_componente format=\"^(|PRINCIPALE|ANNESSO|ANNOTAZIONE|ALLEGATO)$\" type=\"xs:string\" />\n      <docnum_princ type=\"xs:int\" />\n      <parent_classifica format=\".+\" type=\"xs:string\" />\n      <parent_progr_fascicolo format=\".+\" type=\"xs:string\" />\n      <numero_pub type=\"xs:string\" />\n      <registro_pub type=\"xs:string\" />\n     <pubblicato type=\"xs:string\" />\n      <anno_pub format=\"^0$|^(19[0-9][0-9])$|^(20[0-9][0-9])$\" type=\"xs:int\" />\n      <oggetto_pub type=\"xs:string\" />\n      <data_inizio_pub type=\"xs:dateTime\" />\n      <data_fine_pub type=\"xs:dateTime\" />\n      <stato_archivistico format=\"^(|1|2|3|4|5|6|7)$\" type=\"xs:string\" />\n      <stato_business format=\"^(|-1|2|3|7|11)$\" type=\"xs:string\" />\n      <mittenti type=\"xs:string\" />\n      <destinatari type=\"xs:string\" />\n      <tipo_protocollazione type=\"xs:string\" />\n      <tipo_firma type=\"xs:string\" />\n      <firmatario type=\"xs:string\" />\n      <custom_document_1 custom=\"true\" displayName=\"Campo Custom 1\" format=\".+\" multivalue=\"false\" position=\"0\" type=\"xs:string\" />\n      <custom_ente_1 custom=\"true\" displayName=\"Custom Ente 1\" format=\".+\" multivalue=\"false\" position=\"0\" type=\"xs:string\" />\n      <custom_aoo_1 custom=\"true\" displayName=\"Custom AOO 1\" format=\".+\" multivalue=\"false\" position=\"0\" type=\"xs:string\" />\n      <custom_titolario_1 custom=\"true\" displayName=\"Custom Titolario\" format=\".+\" multivalue=\"false\" position=\"0\" type=\"xs:string\" />\n      <custom_fascicolo_1 custom=\"true\" displayName=\"Custom Fasc 1\" format=\".+\" multivalue=\"false\" position=\"0\" type=\"xs:string\" />\n      <custom_field_string custom=\"true\" displayName=\"Custom Tipo String\" format=\".*\" type=\"xs:string\" />\n      <custom_field_int custom=\"true\" displayName=\"Custom Tipo Int\" format=\".*\" type=\"xs:int\" />\n      <custom_field_datetime custom=\"true\" displayName=\"Custom Tipo Datetime\" format=\".*\" type=\"xs:date\" />\n      <custom_field_boolean custom=\"true\" displayName=\"Custom Tipo Boolean\" format=\".*\" type=\"xs:boolean\" />\n      <custom_field_decimal custom=\"true\" displayName=\"Custom Tipo Decimal\" format=\".*\" type=\"xs:decimal\" />\n      <secondary_group_id custom=\"true\" displayName=\"Gruppo AOO Utente\" format=\".*\" type=\"xs:string\" />\n      <cod_cliente anagraficaTypeId=\"cliente\" displayName=\"Codice Cliente\" format=\".+\" type=\"xs:string\" />\n      <des_cliente anagraficaTypeId=\"cliente\" displayName=\"Descrizione Cliente\" format=\".*\" type=\"xs:string\" />\n      <cod_fornitore anagraficaTypeId=\"fornitore\" displayName=\"Codice Fornitore\" format=\".+\" type=\"xs:string\" />\n      <des_fornitore anagraficaTypeId=\"fornitore\" displayName=\"Descrizione Fornitore\" format=\".*\" type=\"xs:string\" />\n    </section>\n    <section name=\"baseprofile\">\n      <docnum />\n      <stato_pantarei />\n      <stato_business />\n      <docname />\n      <abstract />\n      <default_extension />\n      <type_id />\n      <cod_ente />\n      <cod_aoo />\n      <classifica />\n      <anno_fascicolo />\n      <progr_fascicolo />\n      <cod_titolario />\n      <num_fascicolo />\n      <anno_pg />\n      <num_pg />\n      <oggetto_pg />\n      <registro_pg />\n      <data_pg />\n      <author_id />\n      <typist_id />\n      <creation_date />\n      <fasc_secondari />\n      <d_registraz />\n      <n_registraz />\n      <a_registraz />\n      <o_registraz />\n      <id_registro />\n      <stato_conserv />\n      <usa_d_co_cer />\n      <t_d_contr_cer />\n      <d_co_cer />\n      <forza_coll />\n      <forza_accettaz />\n      <forza_conserv />\n      <flag_conserv />\n      <t_conserv />\n      <doc_url />\n      <archive_type />\n      <app_versante />\n      <data_bu />\n      <annata_bu />\n      <parte_bu />\n      <ms_t_registraz />\n      <numerazione_bu />\n      <numero_bu />\n      <tipo_componente />\n      <docnum_princ />\n      <registro_pub />\n      <pubblicato />\n      <numero_pub />\n      <anno_pub />\n      <oggetto_pub />\n      <data_inizio_pub />\n      <data_fine_pub />\n      <stato_archivistico />\n      <mittenti />\n      <destinatari />\n      <tipo_protocollazione />\n      <tipo_firma />\n      <firmatario />\n    </section>\n    <section name=\"document_types\">\n      <type description=\"Documento\" name=\"DOCUMENTO\" providerTypeId=\"documento\">\n       <cod_cliente role=\"codice\" />\n       <des_cliente role=\"descrizione\" />\n  <cod_fornitore role=\"codice\" />\n     <des_fornitore role=\"descrizione\" />\n        <cod_area role=\"codice\" />\n  <des_area role=\"descrizione\" />\n     <custom_document_1 />\n <custom_ente_1 />\n     <custom_aoo_1 />\n      <custom_titolario_1 />\n        <custom_fascicolo_1 />\n        <custom_field_string />\n       <custom_field_int />\n  <custom_field_datetime />\n     <custom_field_boolean />\n      <custom_field_decimal />\n      </type>\n      <type description=\"Repertorio 1\" name=\"REPERTORIO1\" providerTypeId=\"documento\">\n  <cod_cliente role=\"codice\" />\n       <des_cliente role=\"descrizione\" />\n  <cod_fornitore role=\"codice\" />\n     <des_fornitore role=\"descrizione\" />\n        <custom_document_1 />\n <custom_ente_1 />\n     <custom_aoo_1 />\n      <custom_titolario_1 />\n        <custom_fascicolo_1 />\n        <custom_field_string />\n       <custom_field_int />\n  <custom_field_datetime />\n     <custom_field_boolean />\n      <custom_field_decimal />\n      </type>\n      <type description=\"Repertorio 2\" name=\"REPERTORIO2\" providerTypeId=\"documento\">\n  <cod_cliente role=\"codice\" />\n       <des_cliente role=\"descrizione\" />\n  <cod_fornitore role=\"codice\" />\n     <des_fornitore role=\"descrizione\" />\n        <custom_document_1 />\n <custom_ente_1 />\n     <custom_aoo_1 />\n      <custom_titolario_1 />\n        <custom_fascicolo_1 />\n        <custom_field_string />\n       <custom_field_int />\n  <custom_field_datetime />\n     <custom_field_boolean />\n      <custom_field_decimal />\n      </type>\n    </section>\n    <section name=\"anagrafiche_types\">\n      <type name=\"ente\">\n <cod_ente />\n  <des_ente />\n  <enabled />\n      </type>\n      <type name=\"aoo\">\n <cod_ente />\n  <cod_aoo />\n   <des_aoo />\n   <enabled />\n      </type>\n      <type name=\"titolario\">\n   <cod_ente />\n  <cod_aoo />\n   <classifica />\n        <cod_titolario />\n     <parent_classifica />\n <des_titolario />\n     <enabled />\n      </type>\n      <type name=\"fascicolo\">\n   <cod_ente />\n  <cod_aoo />\n   <classifica />\n        <cod_titolario />\n     <num_fascicolo />\n     <progr_fascicolo />\n   <anno_fascicolo />\n    <parent_progr_fascicolo />\n    <des_fascicolo />\n     <enabled />\n      </type>\n      <type custom=\"true\" displayName=\"Area Tematica\" name=\"area_tematica\">\n <cod_ente />\n  <cod_aoo />\n   <cod_area role=\"codice\" />\n  <des_area role=\"descrizione\" />\n     <enabled />\n      </type>\n      <type custom=\"true\" displayName=\"Cliente\" name=\"cliente\">\n     <cod_ente />\n  <cod_aoo />\n   <cod_cliente role=\"codice\" />\n       <des_cliente role=\"descrizione\" />\n      </type>\n      <type custom=\"true\" displayName=\"Fornitori\" name=\"fornitore\">\n        <cod_ente />\n  <cod_aoo />\n   <cod_fornitore role=\"codice\" />\n     <des_fornitore role=\"descrizione\" />\n      </type>\n    </section>\n    <section name=\"hitlists\">\n      <type description=\"Hitlist Documenti\" name=\"hitlist\">\n       <docnum />\n    <stato_pantarei />\n    <docname />\n   <abstract />\n  <default_extension />\n <type_id />\n   <cod_ente />\n  <cod_aoo />\n   <tipo_componente />\n   <anno_pg />\n   <num_pg />\n    <registro_pg />\n       <n_registraz />\n       <a_registraz />\n       <id_registro />\n        <stato_archivistico />\n      </type>\n      <type name=\"hitlist_ente\">\n    <cod_ente />\n  <des_ente />\n  <enabled />\n      </type>\n      <type name=\"hitlist_aoo\">\n <cod_ente />\n  <cod_aoo />\n   <des_aoo />\n   <enabled />\n      </type>\n      <type name=\"hitlist_titolario\">\n   <cod_ente />\n  <cod_aoo />\n   <classifica />\n        <parent_classifica />\n <des_titolario />\n     <enabled />\n      </type>\n      <type name=\"hitlist_fascicolo\">\n   <cod_ente />\n  <cod_aoo />\n   <classifica />\n        <progr_fascicolo />\n   <anno_fascicolo />\n    <parent_progr_fascicolo />\n    <des_fascicolo />\n     <enabled />\n      </type>\n      <type name=\"hitlist_area_tematica\">\n       <cod_ente />\n  <cod_aoo />\n   <cod_area />\n  <des_area />\n      </type>\n      <type name=\"hitlist_cliente\">\n    <cod_ente />\n  <cod_aoo />\n   <cod_cliente />\n       <des_cliente />\n      </type>\n      <type name=\"hitlist_fornitore\">\n       <cod_ente />\n  <cod_aoo />\n   <cod_fornitore />\n     <des_fornitore />\n      </type>\n    </section>\n  </group><group description=\"abc\" name=\"form_dinamiche\">\n    <section name=\"documenti\"><ente id=\"ENTE1\"><aoo id=\"AOO1\"><documento type=\"DOCUMENTO\" /></aoo></ente>\n      \n    </section>\n    <section name=\"anagrafiche\">\n\n    </section>\n  </group></configuration>','true','true','',1);
INSERT INTO "services" VALUES (3,'WSConservazione','Conservazione sostitutiva',NULL,'<?xml version=\"1.0\" encoding=\"UTF-8\"?> <configuration xmlns:xi=\"http://www.w3.org/2001/XInclude\"> <group name=\"impianto\" description=\"abc\" readonly=\"true\"> <section name=\"fields\"> <docnum type=\"xs:string\" /> <stato_pantarei type=\"xs:string\" format=\"^[1-8]$\"/> <docname type=\"xs:string\" /> <abstract type=\"xs:string\" /> <default_extension type=\"xs:string\" position=\"1\" /> <type_id type=\"xs:string\" /> <cod_ente type=\"xs:string\" format=\".+\"/> <cod_aoo type=\"xs:string\" format=\".+\"/> <classifica type=\"xs:string\" format=\".*\"/> <anno_fascicolo type=\"xs:int\" format=\"^(19[0-9][0-9])$|^(20[0-9][0-9])$\"/> <progr_fascicolo type=\"xs:string\" format=\".+\"/> <anno_pg type=\"xs:int\" format=\".+\"/> <num_pg type=\"xs:string\" format=\".+\"/> <oggetto_pg type=\"xs:string\" format=\".+\"/> <registro_pg type=\"xs:string\" format=\".+\"/> <data_pg type=\"xs:dateTime\" format=\"yyyy-MM-dd''T''HH:mm:ss\"/> <author_id type=\"xs:string\" format=\".+\"/> <typist_id type=\"xs:string\" format=\".+\"/> <creation_date type=\"xs:dateTime\" format=\"yyyy-MM-dd''T''HH:mm:ss\"/> <fascicoli_sec type=\"xs:string\" format=\".+\"/> <d_registraz type=\"xs:dateTime\" format=\"yyyy-MM-dd''T''HH:mm:ss\"/> <n_registraz type=\"xs:string\" format=\".+\"/> <a_registraz type=\"xs:int\" format=\"^(19[0-9][0-9])$|^(20[0-9][0-9])$\"/> <o_registraz type=\"xs:string\" format=\".*\"/> <id_registro type=\"xs:string\" format=\".+\"/> <stato_conserv type=\"xs:string\" format=\"^$|^-1$|^[0-4]$\"/> <usa_d_co_cer type=\"xs:string\" format=\".*\"/> <t_d_contr_cer type=\"xs:string\" format=\".*\"/> <d_co_cer type=\"xs:dateTime\" format=\"yyyy-MM-dd''T''HH:mm:ss\"/> <forza_coll type=\"xs:string\" format=\".+\"/> <forza_accettaz type=\"xs:string\" format=\".*\"/> <forza_conserv type=\"xs:string\" format=\".*\"/> <flag_conserv type=\"xs:string\" format=\".*\"/> <t_conserv type=\"xs:string\" format=\".*\"/> <doc_url type=\"xs:string\" format=\".*\"/> <archive_type type=\"xs:string\" format=\".*\"/> <app_versante type=\"xs:string\" format=\".*\"/> <data_bu type=\"xs:dateTime\" format=\"yyyy-MM-dd''T''HH:mm:ss\"/> <annata_bu type=\"xs:int\" format=\"^(19[0-9][0-9])$|^(20[0-9][0-9])$\"/> <parte_bu type=\"xs:string\" format=\".*\"/> <ms_t_registraz type=\"xs:string\" format=\".*\"/> <numerazione_bu type=\"xs:string\" format=\".*\"/> <numero_bu type=\"xs:string\" format=\".*\"/> <tipo_componente type=\"xs:string\" format=\"^(|PRINCIPALE|ANNESSO|ANNOTAZIONE|ALLEGATO)$\"/> <docnum_princ type=\"xs:string\" format=\".*\"/> <cliente_test type=\"xs:string\" format=\".*\" anagraficaTypeId=\"cliente\" multivalue=\"true\" /> <cod_area type=\"xs:string\" format=\".+\" anagraficaTypeId=\"area\" multivalue=\"false\" /> <!-- Field custom --> <custom_document_1 type=\"xs:string\" format=\".+\" multivalue=\"false\" custom=\"true\"/> <custom_ente_1 type=\"xs:string\" format=\".+\" multivalue=\"false\" custom=\"true\"/> <custom_aoo_1 type=\"xs:string\" format=\".+\" multivalue=\"false\" custom=\"true\"/> <custom_titolario_1 type=\"xs:string\" format=\".+\" multivalue=\"false\" custom=\"true\"/> <custom_fascicolo_1 type=\"xs:string\" format=\".+\" multivalue=\"false\" custom=\"true\"/> </section> <section name=\"document_types\"> <type name=\"documento\"> <docnum/> <stato_pantarei/> <docname/> <abstract/> <default_extension/> <type_id/> <cod_ente/> <cod_aoo/> </type> </section> <section name=\"anagrafiche_types\"> <type name=\"ente\"> <cod_ente/> <des_ente/> <enabled/> </type> <type name=\"custom_anagrafica\" custom=\"true\"> <cod_ente/> <cod_aoo/> <custom_field_1 cod=\"true\" /> <custom_field_2 des=\"true\" /> <enabled/> </type> </section> </group> <group name=\"form_dinamiche\" description=\"abc\"> <section name=\"documenti\"> <ente id=\"ENTE1\"> <aoo id=\"AOO1\"> <documento type=\"documento\"> <custom_document_1 type=\"xs:string\" format=\".+\" multivalue=\"false\" custom=\"true\" displayName=\"Campo Custom\" position=\"0\"/> </documento> </aoo> </ente> </section> <section name=\"anagrafiche\"> <ente> <!-- Questo e\' un campo aggiuntivo per tutti gli enti. Non so bene dove metterlo --> <custom_ente_1 type=\"xs:string\" format=\".+\" multivalue=\"false\" custom=\"true\" displayName=\"Campo Custom\" position=\"0\"/> </ente> <ente id=\"ENTE1\"> <aoo> <custom_aoo_1 type=\"xs:string\" format=\".+\" multivalue=\"false\" custom=\"true\" displayName=\"Campo Custom\" position=\"0\"/> </aoo> <titolario> <custom_titolario_1 type=\"xs:string\" format=\".+\" multivalue=\"false\" custom=\"true\" displayName=\"Campo Custom\" position=\"0\"/> </titolario> <fascicolo> <custom_fascicolo_1 type=\"xs:string\" format=\".+\" multivalue=\"false\" custom=\"true\" displayName=\"Campo Custom\" position=\"0\"/> </fascicolo> </ente> </section> </group> </configuration>','false','false',NULL,1);
INSERT INTO "services" VALUES (4,'WSRegistrazione','Servizio di registrazione','<configuration xmlns:xsl=\"http://www.w3.org/1999/XSL/Transform\" xmlns:ev=\"http://www.w3.org/2001/xml-events\" xmlns:xi=\"http://www.w3.org/2001/XInclude\" xmlns:xforms=\"http://www.w3.org/2002/xforms\" xmlns:xhtml=\"http://www.w3.org/1999/xhtml\" xmlns:saxon=\"http://saxon.sf.net/\" xmlns:xs=\"http://www.w3.org/2001/XMLSchema\" xmlns:kforms=\"http://kforms.tempuri.org\" xmlns:xbl=\"http://www.w3.org/ns/xbl\" xmlns:version=\"java:org.orbeon.oxf.common.Version\" xmlns:sxc=\"http://sxc.tempuri.org\" xmlns:xsd=\"http://www.w3.org/2001/XMLSchema\" xmlns:fr=\"http://orbeon.org/oxf/xml/form-runner\" xmlns:fn=\"http://www.w3.org/2005/02/xpath-functions\" xmlns:xxforms=\"http://orbeon.org/oxf/xml/xforms\" xmlns:xsi=\"http://www.w3.org/2001/XMLSchema-instance\"><group name=\"Configurazione\">\n    <section name=\"Base\">\n      <xformsServiceURL>http://localhost:8080/xforms/XForms</xformsServiceURL>\n    </section>\n    <section name=\"Provider di registrazione\">\n      <provider ente=\"ENTE1\" aoo=\"AOO11\" registro=\"ATTI\">it.kdm.docer.registrazione.Provider</provider>\n      <provider ente=\"ENTE1\" aoo=\"AOO11\" registro=\"REPERTORIO1\">it.kdm.docer.registrazione.Provider</provider>\n\n    </section>\n  </group></configuration>','<configuration xmlns:xsl=\"http://www.w3.org/1999/XSL/Transform\" xmlns:ev=\"http://www.w3.org/2001/xml-events\" xmlns:xi=\"http://www.w3.org/2001/XInclude\" xmlns:xforms=\"http://www.w3.org/2002/xforms\" xmlns:xhtml=\"http://www.w3.org/1999/xhtml\" xmlns:saxon=\"http://saxon.sf.net/\" xmlns:xs=\"http://www.w3.org/2001/XMLSchema\" xmlns:kforms=\"http://kforms.tempuri.org\" xmlns:xbl=\"http://www.w3.org/ns/xbl\" xmlns:version=\"java:org.orbeon.oxf.common.Version\" xmlns:sxc=\"http://sxc.tempuri.org\" xmlns:xsd=\"http://www.w3.org/2001/XMLSchema\" xmlns:fr=\"http://orbeon.org/oxf/xml/form-runner\" xmlns:fn=\"http://www.w3.org/2005/02/xpath-functions\" xmlns:xxforms=\"http://orbeon.org/oxf/xml/xforms\" xmlns:xsi=\"http://www.w3.org/2001/XMLSchema-instance\"><group name=\"Configurazione\">\n    <section name=\"Base\">\n      <xformsServiceURL>http://localhost:8080/xforms/XForms</xformsServiceURL>\n    </section>\n    <section name=\"Provider di registrazione\">\n      <provider ente=\"ENTE1\" aoo=\"AOO11\" registro=\"ATTI\">it.kdm.docer.registrazione.Provider</provider>\n<provider ente=\"ENTE1\" aoo=\"AOO11\" registro=\"REG1\">it.kdm.docer.registrazione.Provider</provider>\n      <provider ente=\"ENTE1\" aoo=\"AOO11\" registro=\"REPERTORIO1\">it.kdm.docer.registrazione.Provider</provider>\n\n    </section>\n  </group></configuration>','true','true','2012-07-27 12:34:17',0);
INSERT INTO "services" VALUES (5,'WSProtocollazione','Servizio di protocollazione','<configuration xmlns:xsl=\"http://www.w3.org/1999/XSL/Transform\" xmlns:ev=\"http://www.w3.org/2001/xml-events\" xmlns:xi=\"http://www.w3.org/2001/XInclude\" xmlns:xforms=\"http://www.w3.org/2002/xforms\" xmlns:xhtml=\"http://www.w3.org/1999/xhtml\" xmlns:saxon=\"http://saxon.sf.net/\" xmlns:xs=\"http://www.w3.org/2001/XMLSchema\" xmlns:kforms=\"http://kforms.tempuri.org\" xmlns:xbl=\"http://www.w3.org/ns/xbl\" xmlns:version=\"java:org.orbeon.oxf.common.Version\" xmlns:sxc=\"http://sxc.tempuri.org\" xmlns:xsd=\"http://www.w3.org/2001/XMLSchema\" xmlns:fr=\"http://orbeon.org/oxf/xml/form-runner\" xmlns:fn=\"http://www.w3.org/2005/02/xpath-functions\" xmlns:xxforms=\"http://orbeon.org/oxf/xml/xforms\" xmlns:xsi=\"http://www.w3.org/2001/XMLSchema-instance\"><group name=\"Configurazione\">\n    <section name=\"Base\">\n      <inoltroFirma>false</inoltroFirma>\n      <xformsServiceURL>http://localhost:8080/xforms/XForms</xformsServiceURL>\n    </section>\n    <section name=\"Providers\">\n      <provider ente=\"ENTE1\" aoo=\"AOO1\">it.kdm.docer.protocollazione.Provider</provider>\n      <provider ente=\"ENTE1\" aoo=\"AOO11\">it.kdm.docer.protocollazione.Provider</provider>\n      <provider ente=\"ENTE2\" aoo=\"AOO1\">NULLProvider</provider>\n    </section>\n  </group></configuration>','<configuration xmlns:xsl=\"http://www.w3.org/1999/XSL/Transform\" xmlns:ev=\"http://www.w3.org/2001/xml-events\" xmlns:xi=\"http://www.w3.org/2001/XInclude\" xmlns:xforms=\"http://www.w3.org/2002/xforms\" xmlns:xhtml=\"http://www.w3.org/1999/xhtml\" xmlns:saxon=\"http://saxon.sf.net/\" xmlns:xs=\"http://www.w3.org/2001/XMLSchema\" xmlns:kforms=\"http://kforms.tempuri.org\" xmlns:xbl=\"http://www.w3.org/ns/xbl\" xmlns:version=\"java:org.orbeon.oxf.common.Version\" xmlns:sxc=\"http://sxc.tempuri.org\" xmlns:xsd=\"http://www.w3.org/2001/XMLSchema\" xmlns:fr=\"http://orbeon.org/oxf/xml/form-runner\" xmlns:fn=\"http://www.w3.org/2005/02/xpath-functions\" xmlns:xxforms=\"http://orbeon.org/oxf/xml/xforms\" xmlns:xsi=\"http://www.w3.org/2001/XMLSchema-instance\"><group name=\"Configurazione\">\n    <section name=\"Base\">\n      <inoltroFirma>false</inoltroFirma>\n      <xformsServiceURL>http://localhost:8080/xforms/XForms</xformsServiceURL>\n    </section>\n    <section name=\"Providers\">\n      <provider ente=\"ENTE1\" aoo=\"AOO1\">it.kdm.docer.protocollazione.Provider</provider>\n      <provider ente=\"ENTE1\" aoo=\"AOO11\">it.kdm.docer.protocollazione.Provider</provider>\n      <provider ente=\"ENTE2\" aoo=\"AOO1\">NULLProvider</provider>\n    </section>\n  </group></configuration>','true','true','2012-07-25 13:08:58',0);
INSERT INTO "services" VALUES (6,'WSFascicolazione','Servizio di fascicolazione','<configuration xmlns:xsl=\"http://www.w3.org/1999/XSL/Transform\" xmlns:ev=\"http://www.w3.org/2001/xml-events\" xmlns:xi=\"http://www.w3.org/2001/XInclude\" xmlns:xforms=\"http://www.w3.org/2002/xforms\" xmlns:xhtml=\"http://www.w3.org/1999/xhtml\" xmlns:saxon=\"http://saxon.sf.net/\" xmlns:xs=\"http://www.w3.org/2001/XMLSchema\" xmlns:kforms=\"http://kforms.tempuri.org\" xmlns:xbl=\"http://www.w3.org/ns/xbl\" xmlns:version=\"java:org.orbeon.oxf.common.Version\" xmlns:sxc=\"http://sxc.tempuri.org\" xmlns:xsd=\"http://www.w3.org/2001/XMLSchema\" xmlns:fr=\"http://orbeon.org/oxf/xml/form-runner\" xmlns:fn=\"http://www.w3.org/2005/02/xpath-functions\" xmlns:xxforms=\"http://orbeon.org/oxf/xml/xforms\" xmlns:xsi=\"http://www.w3.org/2001/XMLSchema-instance\"><group name=\"Configurazione\">\n    <section name=\"Base\">\n      <xformsServiceURL>http://localhost:8080/xforms/XForms</xformsServiceURL>\n    </section>\n    <section name=\"Providers\">\n      <provider ente=\"ENTE1\" aoo=\"AOO3\" fascicolazioneInterna=\"true\">it.kdm.docer.fascicolazione.ProviderExceptionTest</provider>\n      <provider ente=\"ENTE1\" aoo=\"AOO13\" fascicolazioneInterna=\"true\">it.kdm.docer.fascicolazione.Provider</provider>\n      <provider ente=\"ENTE2\" aoo=\"AOO22\" fascicolazioneInterna=\"true\">it.kdm.docer.fascicolazione.ProviderExceptionTest</provider>\n      <provider ente=\"ENTE2\" aoo=\"AOO23\" fascicolazioneInterna=\"false\">it.kdm.docer.fascicolazione.ProviderExceptionTest</provider>\n      <provider ente=\"ENTE1\" aoo=\"AOO1\" fascicolazioneInterna=\"true\">it.kdm.docer.fascicolazione.Provider</provider>\n<provider ente=\"ENTE1\" aoo=\"AOO11\" fascicolazioneInterna=\"true\">it.kdm.docer.fascicolazione.Provider</provider>   \n </section>\n  </group></configuration>','<configuration xmlns:xsl=\"http://www.w3.org/1999/XSL/Transform\" xmlns:ev=\"http://www.w3.org/2001/xml-events\" xmlns:xi=\"http://www.w3.org/2001/XInclude\" xmlns:xforms=\"http://www.w3.org/2002/xforms\" xmlns:xhtml=\"http://www.w3.org/1999/xhtml\" xmlns:saxon=\"http://saxon.sf.net/\" xmlns:xs=\"http://www.w3.org/2001/XMLSchema\" xmlns:kforms=\"http://kforms.tempuri.org\" xmlns:xbl=\"http://www.w3.org/ns/xbl\" xmlns:version=\"java:org.orbeon.oxf.common.Version\" xmlns:sxc=\"http://sxc.tempuri.org\" xmlns:xsd=\"http://www.w3.org/2001/XMLSchema\" xmlns:fr=\"http://orbeon.org/oxf/xml/form-runner\" xmlns:fn=\"http://www.w3.org/2005/02/xpath-functions\" xmlns:xxforms=\"http://orbeon.org/oxf/xml/xforms\" xmlns:xsi=\"http://www.w3.org/2001/XMLSchema-instance\"><group name=\"Configurazione\">\n    <section name=\"Base\">\n      <xformsServiceURL>http://localhost:8080/xforms/XForms</xformsServiceURL>\n    </section>\n    <section name=\"Providers\">\n      <provider ente=\"ENTE1\" aoo=\"AOO3\" fascicolazioneInterna=\"true\">it.kdm.docer.fascicolazione.ProviderExceptionTest</provider>\n      <provider ente=\"ENTE1\" aoo=\"AOO13\" fascicolazioneInterna=\"true\">it.kdm.docer.fascicolazione.Provider</provider>\n      <provider ente=\"ENTE2\" aoo=\"AOO22\" fascicolazioneInterna=\"true\">it.kdm.docer.fascicolazione.ProviderExceptionTest</provider>\n      <provider ente=\"ENTE2\" aoo=\"AOO23\" fascicolazioneInterna=\"false\">it.kdm.docer.fascicolazione.ProviderExceptionTest</provider>\n      <provider ente=\"ENTE1\" aoo=\"AOO1\" fascicolazioneInterna=\"true\">it.kdm.docer.fascicolazione.Provider</provider>\n<provider ente=\"ENTE1\" aoo=\"AOO11\" fascicolazioneInterna=\"true\">it.kdm.docer.fascicolazione.Provider</provider>   \n </section>\n  </group></configuration>','true','true','2012-07-27 13:53:50',0);
INSERT INTO "services" VALUES (7,'FrontendService','Servizio di Frontend','<configuration xmlns:xsl=\"http://www.w3.org/1999/XSL/Transform\" xmlns:ev=\"http://www.w3.org/2001/xml-events\" xmlns:xi=\"http://www.w3.org/2001/XInclude\" xmlns:xforms=\"http://www.w3.org/2002/xforms\" xmlns:xhtml=\"http://www.w3.org/1999/xhtml\" xmlns:saxon=\"http://saxon.sf.net/\" xmlns:xs=\"http://www.w3.org/2001/XMLSchema\" xmlns:kforms=\"http://kforms.tempuri.org\" xmlns:xbl=\"http://www.w3.org/ns/xbl\" xmlns:version=\"java:org.orbeon.oxf.common.Version\" xmlns:sxc=\"http://sxc.tempuri.org\" xmlns:xsd=\"http://www.w3.org/2001/XMLSchema\" xmlns:fr=\"http://orbeon.org/oxf/xml/form-runner\" xmlns:fn=\"http://www.w3.org/2005/02/xpath-functions\" xmlns:xxforms=\"http://orbeon.org/oxf/xml/xforms\" xmlns:xsi=\"http://www.w3.org/2001/XMLSchema-instance\"><group name=\"labels\">\n<section name=\"enti\">\n <login-data>\n  <username />\n  <password />\n  <redirect-url />\n  <message />\n  <delay>1</delay>\n<ente />\n<library />\n  <itemset>\n   <item>\n    <label>Ente1</label>\n    <value>ENTE1</value>\n    <library>ENTE1</library>\n   </item>\n   <item>\n    <label />\n    <value />\n    <library />\n   </item>\n  </itemset>\n </login-data>     \n</section>        \n<section name=\"it\">\n      <docnum>Numero</docnum>\n      <docname>Nome Documento</docname>\n      <abstract>Descrizione</abstract>\n      <type_id>Tipo Documento</type_id>\n      <stato-conserv>Stato Conservazione</stato-conserv>\n      <creation_date>Data Acquisizione</creation_date>\n      <creation_date_from>Data Acquisizione da</creation_date_from>\n      <creation_date_to>Data Acquisizione a</creation_date_to>\n      <ente>Ente</ente>\n      <aoo>AOO</aoo>\n      <classifica>Classifica</classifica>\n      <default_extension>Estensione</default_extension>\n      <stato_business>Stato Business</stato_business>\n      <tipo_componente>Tipo Componente</tipo_componente>\n<tipo_componente_non_definito>Non Definito</tipo_componente_non_definito>\n<tipo_componente_principale>Principale</tipo_componente_principale>\n<tipo_componente_allegato>Allegato</tipo_componente_allegato>\n<tipo_componente_annotazione>Annotazione</tipo_componente_annotazione>\n<tipo_componente_annesso>Annesso</tipo_componente_annesso>\n      <progr_fascicolo>Numero Progressivo</progr_fascicolo>\n      <anno_fascicolo>Anno</anno_fascicolo>\n      <fascicoli_sec>Fascicoli Secondari</fascicoli_sec>\n      <num_pg>Numero</num_pg>\n      <data_pg>Data</data_pg>\n      <anno_pg>Anno</anno_pg>\n      <oggetto_pg>Oggetto</oggetto_pg>\n      <registro_pg>Registro</registro_pg>\n      <n_registraz>Numero</n_registraz>\n      <d_registraz>Data</d_registraz>\n      <a_registraz>Anno</a_registraz>\n      <o_registraz>Oggetto</o_registraz>\n      <id_registro>Id</id_registro>\n      <numero_pub>Numero</numero_pub>\n      <anno_pub>Anno</anno_pub>\n      <oggetto_pub>Oggetto</oggetto_pub>\n      <data_inizio_pub>Data Inizio</data_inizio_pub>\n      <data_fine_pub>Data Fine</data_fine_pub>\n      <registro_pub>Registro</registro_pub>\n      <stato_conserv>Stato Conservazione</stato_conserv>\n      <t_conserv>Tipo Conservazione</t_conserv>\n      <cod_ente>Codice</cod_ente>\n      <des_ente>Descrizione</des_ente>\n      <enabled>Abilitato</enabled>\n      <cod_aoo>Codice</cod_aoo>\n      <des_aoo>Descrizione</des_aoo>\n      <cod_titolario>Codice</cod_titolario>\n      <des_titolario>Descrizione</des_titolario>\n      <parent_titolario>Titolario Padre</parent_titolario>\n      <stato_archivistico>Stato Archivistico</stato_archivistico>\n<stato_archivistico_non_definito>Non Definito</stato_archivistico_non_definito>\n<stato_archivistico_generico>Generico</stato_archivistico_generico>\n<stato_archivistico_generico_definitivo>Generico (Definitivo)</stato_archivistico_generico_definitivo>\n<stato_archivistico_registrato>Registrato</stato_archivistico_registrato>\n<stato_archivistico_protocollato>Protocollato</stato_archivistico_protocollato>\n<stato_archivistico_classificato>Classificato</stato_archivistico_classificato>\n<stato_archivistico_fascicolato>Fascicolato</stato_archivistico_fascicolato>\n<stato_archivistico_pubblicato>Pubblicato</stato_archivistico_pubblicato>\n<stato_archivistico_in_archivio_di_deposito>In Archivio di Deposito</stato_archivistico_in_archivio_di_deposito>\n<stato_business_non_definito>Non Definito</stato_business_non_definito>\n<stato_business_da_protocollare>Da Protocollare</stato_business_da_protocollare>\n<stato_business_da_fascicolare>Da Fascicolare</stato_business_da_fascicolare>\n<stato_business_da_registrare>Da Registrare</stato_business_da_registrare>\n<stato_business_da_firmare>Da Firmare</stato_business_da_firmare>\n<file>File</file>\n<definitivo>Documento Definitivo (non sar possibile modificare le versioni)</definitivo>\n<tipo_protocollazione>Tipo Protocollazione</tipo_protocollazione>\n<tipo_protocollazione_non_definito>Non Definito</tipo_protocollazione_non_definito>\n<tipo_protocollazione_in_entrata>In Entrata</tipo_protocollazione_in_entrata>\n<tipo_protocollazione_interna>Interna</tipo_protocollazione_interna>\n<tipo_protocollazione_in_uscita>In Uscita</tipo_protocollazione_in_uscita>\n<unita_documentaria>Unita Documentaria</unita_documentaria>\n\n    </section>\n  </group><group name=\"tema\">\n    <section name=\"menu\">\n      <applications>\n        <section label=\"Documenti\">\n          <application visible=\"true\" id=\"XForms?action=create&amp;\" label=\"Nuovo documento\" />\n          <application visible=\"true\" id=\"XForms?action=search&amp;\" label=\"Ricerca\" />\n          <application visible=\"true\" id=\"XForms?action=navigation&amp;current-path=%20&amp;desc=doc/ER\" label=\"Navigazione\" />\n          <application visible=\"true\" id=\"XForms?action=seriearchivistiche&amp;current-path=%20&amp;desc=doc/ER\" label=\"Serie Archivistiche\">\n            <seriearchivistiche>\n              <registro ente=\"ENTE1\" aoo=\"AOO1\" id=\"ATTI\" label=\"Atti\" inizio=\"2009\" />\n            </seriearchivistiche>\n          </application>\n        </section>\n        <section label=\"Gestione Anagrafiche\">\n          <application visible=\"true\" list=\"XForms?action=search-ente&amp;\" create=\"XForms?action=viewente&amp;\" label=\"Enti\" />\n          <application visible=\"true\" list=\"XForms?action=search-aoo&amp;\" create=\"XForms?action=viewaoo&amp;\" label=\"AOO\" />\n          <application visible=\"true\" list=\"XForms?action=search-titolario&amp;\" create=\"XForms?action=viewtitolario&amp;\" label=\"Titolari\" />\n<application visible=\"true\" list=\"XForms?action=search-anagrafica-custom&amp;anagrafica=area_tematica\" create=\"XForms?action=viewanagrafica-custom&amp;anagrafica=area_tematica\" label=\"Aree tematiche\" />\n        </section>\n        <section label=\"Servizio di Conservazione\">\n          <application visible=\"true\" id=\"XForms?action=invia-conservazione&amp;\" label=\"Invio in conservazione\" />\n        </section>\n        <section label=\"Gestione Conservazione\">\n          <application visible=\"true\" id=\"XForms?action=searchjobs\" label=\"Ricerca nel Log\" />\n          <application visible=\"true\" id=\"XForms?action=listjobs&amp;dataInizio=&amp;dataFine=&amp;esito=E&amp;docId=&amp;docType=&amp;errCode=&amp;\" label=\"Log degli errori\" />\n        </section>\n        <section label=\"Gestione Servizi\">\n          <application visible=\"true\" id=\"XForms?action=getServiceList\" label=\"Lista dei servizi\" />\n        </section>\n        <section label=\"Gestione Forms\">\n          <application visible=\"true\" id=\"XForms?action=view-document-types&amp;service=1\" label=\"Documenti\" />\n          <application visible=\"true\" id=\"XForms?action=view-anagrafiche&amp;service=1\" label=\"Anagrafiche\" />\n        </section>\n      </applications>\n    </section>\n  </group></configuration>','<configuration xmlns:xsl=\"http://www.w3.org/1999/XSL/Transform\" xmlns:ev=\"http://www.w3.org/2001/xml-events\" xmlns:xi=\"http://www.w3.org/2001/XInclude\" xmlns:xforms=\"http://www.w3.org/2002/xforms\" xmlns:xhtml=\"http://www.w3.org/1999/xhtml\" xmlns:saxon=\"http://saxon.sf.net/\" xmlns:xs=\"http://www.w3.org/2001/XMLSchema\" xmlns:kforms=\"http://kforms.tempuri.org\" xmlns:xbl=\"http://www.w3.org/ns/xbl\" xmlns:version=\"java:org.orbeon.oxf.common.Version\" xmlns:sxc=\"http://sxc.tempuri.org\" xmlns:xsd=\"http://www.w3.org/2001/XMLSchema\" xmlns:fr=\"http://orbeon.org/oxf/xml/form-runner\" xmlns:fn=\"http://www.w3.org/2005/02/xpath-functions\" xmlns:xxforms=\"http://orbeon.org/oxf/xml/xforms\" xmlns:xsi=\"http://www.w3.org/2001/XMLSchema-instance\"><group name=\"labels\">\n<section name=\"enti\">\n <login-data>\n  <username />\n  <password />\n  <redirect-url />\n  <message />\n  <delay>1</delay>\n<ente />\n<library />\n  <itemset>\n   <item>\n    <label>Ente1</label>\n    <value>ENTE1</value>\n    <library>ENTE1</library>\n   </item>\n   <item>\n    <label />\n    <value />\n    <library />\n   </item>\n  </itemset>\n </login-data>     \n</section>        \n<section name=\"it\">\n      <docnum>Numero</docnum>\n      <docname>Nome</docname>\n      <abstract>Descrizione</abstract>\n      <type_id>Tipo Documento</type_id>\n      <stato-conserv>Stato Conservazione</stato-conserv>\n      <creation_date>Data Acquisizione</creation_date>\n      <creation_date_from>Data Acquisizione da</creation_date_from>\n      <creation_date_to>Data Acquisizione a</creation_date_to>\n      <ente>Ente</ente>\n      <aoo>AOO</aoo>\n      <classifica>Classifica</classifica>\n      <default_extension>Estensione</default_extension>\n      <stato_business>Stato Business</stato_business>\n      <tipo_componente>Tipo Componente</tipo_componente>\n<tipo_componente_non_definito>Non Definito</tipo_componente_non_definito>\n<tipo_componente_principale>Principale</tipo_componente_principale>\n<tipo_componente_allegato>Allegato</tipo_componente_allegato>\n<tipo_componente_annotazione>Annotazione</tipo_componente_annotazione>\n<tipo_componente_annesso>Annesso</tipo_componente_annesso>\n      <progr_fascicolo>Numero Progressivo</progr_fascicolo>\n      <anno_fascicolo>Anno</anno_fascicolo>\n      <fascicoli_sec>Fascicoli Secondari</fascicoli_sec>\n      <num_pg>Numero</num_pg>\n      <data_pg>Data</data_pg>\n      <anno_pg>Anno</anno_pg>\n      <oggetto_pg>Oggetto</oggetto_pg>\n      <registro_pg>Registro</registro_pg>\n      <n_registraz>Numero</n_registraz>\n      <d_registraz>Data</d_registraz>\n      <a_registraz>Anno</a_registraz>\n      <o_registraz>Oggetto</o_registraz>\n      <id_registro>Id</id_registro>\n      <numero_pub>Numero</numero_pub>\n      <anno_pub>Anno</anno_pub>\n      <oggetto_pub>Oggetto</oggetto_pub>\n      <data_inizio_pub>Data Inizio</data_inizio_pub>\n      <data_fine_pub>Data Fine</data_fine_pub>\n      <registro_pub>Registro</registro_pub>\n      <stato_conserv>Stato Conservazione</stato_conserv>\n      <t_conserv>Tipo Conservazione</t_conserv>\n      <cod_ente>Codice</cod_ente>\n      <des_ente>Descrizione</des_ente>\n      <enabled>Abilitato</enabled>\n      <cod_aoo>Codice</cod_aoo>\n      <des_aoo>Descrizione</des_aoo>\n      <cod_titolario>Codice</cod_titolario>\n      <des_titolario>Descrizione</des_titolario>\n      <parent_titolario>Titolario Padre</parent_titolario>\n      <stato_archivistico>Stato Archivistico</stato_archivistico>\n<stato_archivistico_non_definito>Non Definito</stato_archivistico_non_definito>\n<stato_archivistico_generico>Generico</stato_archivistico_generico>\n<stato_archivistico_generico_definitivo>Generico (Definitivo)</stato_archivistico_generico_definitivo>\n<stato_archivistico_registrato>Registrato</stato_archivistico_registrato>\n<stato_archivistico_protocollato>Protocollato</stato_archivistico_protocollato>\n<stato_archivistico_classificato>Classificato</stato_archivistico_classificato>\n<stato_archivistico_fascicolato>Fascicolato</stato_archivistico_fascicolato>\n<stato_archivistico_pubblicato>Pubblicato</stato_archivistico_pubblicato>\n<stato_archivistico_in_archivio_di_deposito>In Archivio di Deposito</stato_archivistico_in_archivio_di_deposito>\n<stato_business_non_definito>Non Definito</stato_business_non_definito>\n<stato_business_da_protocollare>Da Protocollare</stato_business_da_protocollare>\n<stato_business_da_fascicolare>Da Fascicolare</stato_business_da_fascicolare>\n<stato_business_da_registrare>Da Registrare</stato_business_da_registrare>\n<stato_business_da_firmare>Da Firmare</stato_business_da_firmare>\n<file>File</file>\n<definitivo>Documento Definitivo (non sar possibile modificare le versioni)</definitivo>\n<tipo_protocollazione>Tipo Protocollazione</tipo_protocollazione>\n<tipo_protocollazione_non_definito>Non Definito</tipo_protocollazione_non_definito>\n<tipo_protocollazione_in_entrata>In Entrata</tipo_protocollazione_in_entrata>\n<tipo_protocollazione_interna>Interna</tipo_protocollazione_interna>\n<tipo_protocollazione_in_uscita>In Uscita</tipo_protocollazione_in_uscita>\n<unita_documentaria>Unita Documentaria</unita_documentaria>\n\n    </section>\n  </group><group name=\"tema\">\n    <section name=\"menu\">\n      <applications>\n        <section label=\"Documenti\">\n          <application visible=\"true\" id=\"XForms?action=create&amp;\" label=\"Nuovo documento\" />\n          <application visible=\"true\" id=\"XForms?action=search&amp;\" label=\"Ricerca\" />\n          <application visible=\"true\" id=\"XForms?action=navigation&amp;current-path=%20&amp;desc=doc/ER\" label=\"Navigazione\" />\n          <application visible=\"true\" id=\"XForms?action=seriearchivistiche&amp;current-path=%20&amp;desc=doc/ER\" label=\"Serie Archivistiche\">\n            <seriearchivistiche>\n              <registro ente=\"ENTE1\" aoo=\"AOO1\" id=\"ATTI\" label=\"Atti\" inizio=\"2009\" />\n            </seriearchivistiche>\n          </application>\n        </section>\n        <section label=\"Gestione Anagrafiche\">\n          <application visible=\"true\" list=\"XForms?action=search-ente&amp;\" create=\"XForms?action=viewente&amp;\" label=\"Enti\" />\n          <application visible=\"true\" list=\"XForms?action=search-aoo&amp;\" create=\"XForms?action=viewaoo&amp;\" label=\"AOO\" />\n          <application visible=\"true\" list=\"XForms?action=search-titolario&amp;\" create=\"XForms?action=viewtitolario&amp;\" label=\"Titolari\" />\n<application visible=\"true\" list=\"XForms?action=search-anagrafica-custom&amp;anagrafica=area_tematica\" create=\"XForms?action=viewanagrafica-custom&amp;anagrafica=area_tematica\" label=\"Aree tematiche\" />\n        </section>\n        <section label=\"Servizio di Conservazione\">\n          <application visible=\"true\" id=\"XForms?action=invia-conservazione&amp;\" label=\"Invio in conservazione\" />\n        </section>\n        <section label=\"Gestione Conservazione\">\n          <application visible=\"true\" id=\"XForms?action=searchjobs\" label=\"Ricerca nel Log\" />\n          <application visible=\"true\" id=\"XForms?action=listjobs&amp;dataInizio=&amp;dataFine=&amp;esito=E&amp;docId=&amp;docType=&amp;errCode=&amp;\" label=\"Log degli errori\" />\n        </section>\n        <section label=\"Gestione Servizi\">\n          <application visible=\"true\" id=\"XForms?action=getServiceList\" label=\"Lista dei servizi\" />\n        </section>\n        <section label=\"Gestione Forms\">\n          <application visible=\"true\" id=\"XForms?action=view-document-types&amp;service=1\" label=\"Documenti\" />\n          <application visible=\"true\" id=\"XForms?action=view-anagrafiche&amp;service=1\" label=\"Anagrafiche\" />\n        </section>\n      </applications>\n    </section>\n  </group></configuration>','true','true','2012-09-27 16:06:14',0);
INSERT INTO "services" VALUES (8,'ConfigurationService','Servizio di configurazione',NULL,NULL,'true','false',NULL,-1);
INSERT INTO "services" VALUES (9,'WSVerificaDocumenti','Servizio di Verifica Documenti','<configuration xmlns:xsl=\"http://www.w3.org/1999/XSL/Transform\" xmlns:ev=\"http://www.w3.org/2001/xml-events\" xmlns:xi=\"http://www.w3.org/2001/XInclude\" xmlns:xforms=\"http://www.w3.org/2002/xforms\" xmlns:xhtml=\"http://www.w3.org/1999/xhtml\" xmlns:saxon=\"http://saxon.sf.net/\" xmlns:xs=\"http://www.w3.org/2001/XMLSchema\" xmlns:kforms=\"http://kforms.tempuri.org\" xmlns:xbl=\"http://www.w3.org/ns/xbl\" xmlns:version=\"java:org.orbeon.oxf.common.Version\" xmlns:sxc=\"http://sxc.tempuri.org\" xmlns:xsd=\"http://www.w3.org/2001/XMLSchema\" xmlns:fr=\"http://orbeon.org/oxf/xml/form-runner\" xmlns:fn=\"http://www.w3.org/2005/02/xpath-functions\" xmlns:xxforms=\"http://orbeon.org/oxf/xml/xforms\" xmlns:xsi=\"http://www.w3.org/2001/XMLSchema-instance\"><group name=\"Configurazione\">\n         <section name=\"Base\">\n                       <tempDir>/tmp/verificadocumenti</tempDir>\n             </section>\n                <section name=\"Parer\">\n                  <sacerHost>https://parer.regione.emilia-romagna.it/sacertest/VersamentoSync</sacerHost>\n                       <sacerVersion>1.2</sacerVersion>\n                      <deleteAfterSend>false</deleteAfterSend>\n                      <useHttps>true</useHttps>\n                </section>\n         <section name=\"ParerRichiesta\">\n                     <userid>KDM_Versatore</userid>\n                        <password>password</password>\n                 <tipoConservazione>SOSTITUTIVA</tipoConservazione>\n                    <forzaAccettazione>false</forzaAccettazione>\n                  <forzaCollegamento>false</forzaCollegamento>\n                  <forzaConservazione>false</forzaConservazione>\n                        <ambiente>PARER_TEST</ambiente>\n                       <ente>ente_test</ente>\n                        <struttura>KDM_TEST</struttura>\n                       <numero>123</numero>\n                  <anno>2012</anno>\n                     <tipoRegistro>NP</tipoRegistro>\n                       <tipologiaUnitaDocumentaria>NON PROTOCOLLATI</tipologiaUnitaDocumentaria>\n                     <tipoDocumento>NON PROTOCOLLATI</tipoDocumento>\n                       <tipoStruttura>DocumentoGenerico</tipoStruttura>\n                      <tipoComponente>Contenuto</tipoComponente>\n                        <versioneDatiSpecifici>1.0</versioneDatiSpecifici>\n                        <datiSpecifici>\n                                <tipo_Registrazione>E</tipo_Registrazione>\n                        </datiSpecifici>\n         </section>\n    </group></configuration>','<configuration xmlns:xsl=\"http://www.w3.org/1999/XSL/Transform\" xmlns:ev=\"http://www.w3.org/2001/xml-events\" xmlns:xi=\"http://www.w3.org/2001/XInclude\" xmlns:xforms=\"http://www.w3.org/2002/xforms\" xmlns:xhtml=\"http://www.w3.org/1999/xhtml\" xmlns:saxon=\"http://saxon.sf.net/\" xmlns:xs=\"http://www.w3.org/2001/XMLSchema\" xmlns:kforms=\"http://kforms.tempuri.org\" xmlns:xbl=\"http://www.w3.org/ns/xbl\" xmlns:version=\"java:org.orbeon.oxf.common.Version\" xmlns:sxc=\"http://sxc.tempuri.org\" xmlns:xsd=\"http://www.w3.org/2001/XMLSchema\" xmlns:fr=\"http://orbeon.org/oxf/xml/form-runner\" xmlns:fn=\"http://www.w3.org/2005/02/xpath-functions\" xmlns:xxforms=\"http://orbeon.org/oxf/xml/xforms\" xmlns:xsi=\"http://www.w3.org/2001/XMLSchema-instance\"><group name=\"Configurazione\">\n               <section name=\"Base\">\n                       <tempDir>/tmp/verificadocumenti</tempDir>\n             </section>\n                <section name=\"Parer\">\n                  <sacerHost>https://parer.regione.emilia-romagna.it/sacertest/VersamentoSync</sacerHost>\n                       <sacerVersion>1.3</sacerVersion>\n                      <deleteAfterSend>false</deleteAfterSend>\n                      <useHttps>true</useHttps>\n                </section>\n         <section name=\"ParerRichiesta\">\n                     <userid>KDM_Versatore</userid>\n                        <password>password</password>\n                 <tipoConservazione>SOSTITUTIVA</tipoConservazione>\n                    <forzaAccettazione>false</forzaAccettazione>\n                  <forzaCollegamento>false</forzaCollegamento>\n                  <forzaConservazione>false</forzaConservazione>\n                        <ambiente>PARER_TEST</ambiente>\n                       <ente>ente_test</ente>\n                        <struttura>KDM_TEST</struttura>\n                       <numero>123</numero>\n                  <anno>2012</anno>\n                     <tipoRegistro>NP</tipoRegistro>\n                       <tipologiaUnitaDocumentaria>NON PROTOCOLLATI</tipologiaUnitaDocumentaria>\n                     <tipoDocumento>NON PROTOCOLLATI</tipoDocumento>\n                       <tipoStruttura>DocumentoGenerico</tipoStruttura>\n                      <tipoComponente>Contenuto</tipoComponente>\n                        <versioneDatiSpecifici>1.0</versioneDatiSpecifici>\n                        <datiSpecifici>\n                                <tipo_Registrazione>E</tipo_Registrazione>\n                        </datiSpecifici>\n         </section>\n    </group></configuration>','true','true','2012-09-28 15:59:10',0);

-- Dump completed on 2012-09-28 17:11:27
