<add>
    <doc>
        <field name="type">location</field>
    </doc>

    <doc>
        <field name="type">group</field>
        <field name="GROUP_ID">everyone</field>
    </doc>

    <doc>
        <field name="type">group</field>
        <field name="GROUP_ID">admins</field>
    </doc>

	<doc>
	    <field name="type">group</field>
	    <field name="GROUP_ID">SYS_ADMINS</field>
	</doc>

    <doc>
        <field name="type">user</field>
        <field name="USER_ID">admin</field>
        <field name="USER_PASSWORD">082c2f28df91f2345f7481de01380371</field>
		<field name="groups">SYS_ADMINS@group</field>
        <field name="groups">admins@group</field>
        <field name="groups">everyone@group</field>
    </doc>

    <doc>
        <field name="type">ente</field>
        <field name="COD_ENTE">ENTE_TEST</field>
        <field name="DES_ENTE">Ente Test</field>
    </doc>

    <doc>
        <field name="type">aoo</field>
        <field name="COD_ENTE">ENTE_TEST</field>
        <field name="COD_AOO">AOO_TEST</field>
        <field name="DES_AOO">AOO Test</field>
    </doc>

</add>