{

    "repository" : "filesystem" , /* default provider per il salvataggio dei files */
    "userroles" : "authorization" , /* default provider per richiedere i roles di un utente */
    "login" : "authentication" , /* default provider per autenticazione */

    "maxqueuesize" : 20 , /* massimo numero di elementi allineati nel corso di un update */


    /* i provider possono essere definiti specificando il parametro "class" oppure "alias" di un altro provider */
    /* oltre il "name" , "alias" e "class" ogni altro attributo è gestito dalla classe implementante */

    "providers" : [

        {
            "name" : "import",
            "alias" : "filesystem"
        } ,

        {
            "name" : "repo1",
            "alias" : "filesystem"
        } ,

        {
            "name" : "filesystem" ,
            "class" : "kdm.FileSystemProvider",
            /* "class" : "kdm.FileSystemProviderExt", per attivare hash */
            "store" : "../store"
        } ,

        {
            "name" : "authentication" ,
            "class" : "kdm.NetworkAuthenticationProvider",
            "secret" : null
            /* "hostfilter" : [ "localhost", "10.0.8.14", "192.168.0.1-192.168.0.255" ] */
        } ,

        {
            "name" : "authorization" ,
            "class" : "kdm.SolrAuthorizationProvider",
			"checkProfiles" : "true"
        }
    ],

    "types" : [
        {
            /* il type "null" rappresenta il root e non esiste esplicitamente ma qui serve per specificare i children */

            /* come conseguenza della virtualità del root, solo utenti con diritti globali (come admin) possono creare elementi sotto il root */

            /* i children di un tipo specificano i diritti nesessari (sul padre) per creare un child di uno specifico tipo */
            /* è rispettata la ereditarietà sui figli ma si può esplicitare per negarla */

            "name" : null,
            "children" : {
                "location" : -1,
                "user" : -1,
                "group" : -1,
                "folder" : -1,
                "custom" : -1
            }
        },
        {
            /* il type "abstract" è base implicita di ogni type */

            "name" : "abstract" ,

            "routes" : [ "/^([^!@]+\\.[^!@]+!?[^!@]+).*$/$1!" , "/^([^!\\.@]+).*$/$1." ],



            /* retrieve : 1 */
            /* readContent : 2 */
            /* retrieveACL : 4 */
            /* readVersion : 8 */
            /* listVersions : 16 */

            /* -------------------------> read mask = 31 */

            /* createChildren : 32 */
            /* update : 64 */
            /* lock : 128 */
            /* writeContent : 256 */
            /* createVersion : 512 */
            /* rename : 1024 */
            /* move : 2048 */
            /* unlock : 4096 */

            /* -------------------------> edit+createChildren mask = 8191 */

            /* delete : 8192 */
            /* updateACL : 16384 */

            /* -------------------------> owner mask = 32767 */

            /* sync : 32768 */

            /* -------------------------> admin mask  = -1 oppure 49151 */




            /* profili di sicurezza , possono essere specificati anche a livelli di type */
            "profiles" : {

                /* created by è il profilo convenzionale che viene assegnato al creatore di un elemento. */
                /* Esso può o meno coincidere con un profilo esistente e */
                /* se non specificato il creator non ha diritti impliciti */

                "created_by" : 32767,

                /* docer */
                "readOnly" : 31,
                "normalAccess" : 8191,
                "fullAccess" : 32767,
                "viewProfile" : 1
            },

            /* gli aliases vengono applicati alla fine del workflow */
            "aliases": {
                /*"ENABLED" : "{enabled}" ,*/
                "INHERITS_ACL" : "{acl_inherits}",
                "CREATOR" : "{created_by/([^@]+).*/$1}",
                "CREATED" : "{created_on}",
                "CREATION_DATE" : "{created_on}",
                "MODIFIER" : "{modified_by/([^@]+).*/$1}",
                "MODIFIED" : "{modified_on}",
				"name_t" : "{name}",
				"sid_t" : "{sid}",
				"SEQUENCE" : "{sequence}"
            } ,

            /* vengono applicati all'inizio del create */
            "on_create": {
                "ENABLED" : "true",
                "acl_inherits" : "{INHERITS_ACL:false}"
				/*, "id" : ["{parent/([^!@]+(!?[^!@]+)?).* /$1}!{%sid:{sequence}}@{%type}","{%sid:{sequence}}@{%type}"]*/
                
            } ,

            /* vengono applicati all'inizio del create e dell'update' */
            /* i templates vengono applicati in ordine solo se applicabili ed è possibile specificare in coda una regex e una stringa di sostituzione, nonchè un default */
            "hooks": {
                /*"enabled" : "{ENABLED:true}",*/
                "acl_inherits" : "{INHERITS_ACL}",
                "sid" : [ "{id/.+[\\.!]([^!@]+).*/$1%}" , "{id/([^\\.!@]+)[!@]+[^!@]+/$1%}" ]
            } ,

            "validation" : {
                /* "field" : "[ range in solr syntax ]" */
                /* "field" : "/regex validation/" */
                /* "field" : "{0,1}" */
                /* "field::id" : "... la validazione avviene sul campo citato ..." */


                "acl_explicit/[^:]+:(.*)/$1" : "/fullAccess|readOnly|normalAccess|viewProfile/"

            },

            /* specifica se il type ha uno stream */
            "stream" : false ,

            /* type di default se viene creato un figlio con stream */
            "defaultStream" : "documento",

            /* type di default se viene creato un figlio senza stream */
            "defaultNode" : "folder"
        },
        {
            "name" : "location",
            "children" : {
                "ente" : -1
            },
			"on_create" : {	
                "acl_explicit" : "everyone@group:normalAccess"
			},
			"hooks" : {
				"id" : "{%location:{sid}}!@{%type}"
			}
        },
        {
            "name" : "ente",
            "inherits" : "group",
            "defaultNode" : "aoo",

            "children" : {
                "aoo" : 32 ,
                "group" : 32,
                "user" : 32,
                "folder" : 32
            },

            "on_create" : {
				"parent" : "{location}!@location",
                "acl_explicit" : "[{_prefix_}{!COD_ENTE}@group:readOnly,{_prefix_}ADMINS_ENTE_{!COD_ENTE}@group:fullAccess]"
            },

            "hooks" : {
				"id" : "{location}.{!COD_ENTE}!@ente",
                "name" : "{%DES_ENTE}"
            },

            "aliases": {
                "DES_ENTE" : "{name%}",
                "GROUP_ID" : "{_prefix_}{!COD_ENTE}",
                "GROUP_NAME" : "{name%}",
                "ADMIN_GROUP_ID" : "{_prefix_}ADMINS_ENTE_{!COD_ENTE}",
                "ADMIN_GROUP_NAME" : "Admins Ente {name%}"
            },

            "validation": {
                "DES_ENTE" : "{1}"
            }
        },
        {
            "name" : "aoo",
            "inherits" : "group",
            "defaultNode" : "folder",
            "children" : {
                "folder" : 32,
                "titolario" : 32,
                "custom" : 32,
                "group" : 32,
                "user" : 32,
                "documento" : 1,
                "related" : 1,
                "RUBRICA" : 1,
				"BILLING" : 1
            },

            "on_create" : {
				"parent" : "{location}.{!COD_ENTE}!@ente" ,
                "acl_explicit" : "[{_prefix_}{!COD_AOO}@group:readOnly,{_prefix_}ADMINS_AOO_{!COD_AOO}@group:fullAccess]"
            },

            "hooks" : {
				"id" : "{location}.{!COD_ENTE}!{!COD_AOO}!@{!type}",
				"parent" : "{location}.{!COD_ENTE}!@ente" ,
                "name" : "{%DES_AOO}",
                "PARENT_GROUP_ID" : "{_prefix_}{%COD_ENTE}"
            },

            "aliases" : {
                "DES_AOO" : "{name%}",
                "GROUP_ID" : "{_prefix_}{!COD_AOO}",
                "GROUP_NAME" : "{name%}",
                "ADMIN_GROUP_ID" : "{_prefix_}ADMINS_AOO_{!COD_AOO}",
                "ADMIN_GROUP_NAME" : "Admins Aoo {name%}"
            },

            "validation": {
                "DES_AOO" : "{1}"
            }
        },
        {
            "name" : "folder",
            "children" : {
                "folder" : 32,
                "documento" : 32
            },

            "on_create": {
				"FOLDER_ID" : "{sequence}",
                "acl_explicit" : [ "{%FOLDER_OWNER}@user:fullAccess" ,"{_prefix_}{!COD_AOO}@group:normalAccess" , "{_prefix_}{!COD_ENTE}@group:normalAccess" ]
            },

            "hooks": {
				"id" : [ "{location}.{!COD_ENTE}!{!COD_AOO:}!{sequence}@folder" , "{location}.{!COD_ENTE}!!{sequence}@folder" ],
                "enabled" : "{ENABLED}",
                "parent" : [
                    "{location}.{!COD_ENTE}!{!COD_AOO}!{!PARENT_FOLDER_ID}@folder" ,
                    "{location}.{!COD_ENTE}!{!COD_AOO}!@aoo" ,
                    "{location}.{!COD_ENTE}!@ente"
                ] ,
                "name" : "{%FOLDER_NAME}"
            },

            "aliases" : {
                "ENABLED" : "{enabled}",
                "FOLDER_NAME" : "{name%}"
            }
        },
        {
            "name" : "titolario",
            "children" : {
                "titolario" : 32 ,
                "fascicolo" : 32 ,
                "documento" : 1
            },
            "defaultNode" : "fascicolo",

            "on_create": {
				"parent" : [
                    "{location}.{!COD_ENTE}!{!COD_AOO}!{!PARENT_CLASSIFICA}@titolario",
                    "{location}.{!COD_ENTE}!{!COD_AOO}!@aoo"
                ],
                "name" : [ "{%sid} {%DES_TITOLARIO}" , "{%sid}" ],
				"acl_explicit" : [ "[{_prefix_}{!COD_AOO}@group:readOnly,{_prefix_}ADMINS_AOO_{!COD_AOO}@group:fullAccess]" ]


            },

            "hooks" : {
				"id" : "{location}.{!COD_ENTE}!{!COD_AOO:}!{!CLASSIFICA}@titolario",
                "parent" : [
                    "{location}.{!COD_ENTE}!{!COD_AOO}!{!PARENT_CLASSIFICA}@titolario"
                ],
                "name" : [ "{id/.*!([^!]+)@.*/$1%} {%DES_TITOLARIO}" ]
            },

            "aliases" : {
                "DES_TITOLARIO" : "{name/^(?:[^\\s]+\\s)?(.*[^\\d].*)$/$1%}",
                "COD_TITOLARIO" : "{CLASSIFICA}",
				"destinatari_comp" : "{acl_explicit/(.*)_FASC@group:normalAccess/$1 :}"
            }
        },
        {
            "name" : "fascicolo",
            "defaultNode" : "fascicolo",
            "children" : {
                "fascicolo" : 32,
                "documento" : 32
            },

            /* "name" : [ "{%sid/(?:^.AST\\||.AST\\/)([^\\/]+)$/$1} {%DES_FASCICOLO}" , "{%sid/(?:^.AST\\||.AST\\/)([^\\/]+)$/$1}" ] */


            "on_create" : {
				"name" : [ "{%DES_FASCICOLO}" , "{%sid/(?:^.*\\||.*\\/)([^\\/]+)$/$1}" ]
            } ,
			
			"on_update" : {
				"name" : [ "{%DES_FASCICOLO}" ]
            } ,

            "hooks" : {
				"id" : "{location}.{!COD_ENTE}!{!COD_AOO}!{!CLASSIFICA}|{!ANNO_FASCICOLO}|{!PROGR_FASCICOLO}@fascicolo",
                "parent" : [
                    "{location}.{!COD_ENTE}!{!COD_AOO}!{!CLASSIFICA}|{!ANNO_FASCICOLO}|{!PARENT_PROGR_FASCICOLO}@fascicolo",
                    "{location}.{!COD_ENTE}!{!COD_AOO}!{!CLASSIFICA}@titolario"
                ],
                "__unique_name__" : "{%DES_FASCICOLO}~{%sid/(?:^.*\\||.*\\/)([^\\/]+)$/$1}"

            },

            "aliases" : {

                "DES_FASCICOLO" : "{name/^(.*)~.+$/$1:{name%}%}",
                "display_name" : "{CLASSIFICA}/{ANNO_FASCICOLO}/{PROGR_FASCICOLO} {DES_FASCICOLO}",
				"fascicoli_mv" : "{parent}"
                /* ,"NUM_FASCICOLO" : "{CLASSIFICA}/{ANNO_FASCICOLO}/{PROGR_FASCICOLO}" */
            }
        },
        {
            "name" : "documento",

            "stream" : true,

            "on_create": {
				"DOCNUM" : "{sequence}",
				"ARCHIVE_TYPE":"ARCHIVE",	
                "parent" : [
                    "{id/(.*)!.*/$1}!{!PARENT_FOLDER_ID}@folder",
                    "{location}.{!COD_ENTE}!{!COD_AOO}!{!PARENT_FOLDER_ID}@folder",
                    "{location}.{!COD_ENTE}!{!COD_AOO}!{!PARENT_FASCICOLO_ID}@fascicolo",
                    "{location}.{!COD_ENTE}!{!COD_AOO}!{!CLASSIFICA}|{!ANNO_FASCICOLO}|{!PROGR_FASCICOLO}@fascicolo",
                    "{location}.{!COD_ENTE}!{!COD_AOO}!{!CLASSIFICA}@titolario",
                    "{location}.{!COD_ENTE}!{!COD_AOO}!@aoo" ]
            },

            "hooks": {
				"id" : [ "{location}.{!COD_ENTE}!{!COD_AOO}!{sequence}@documento" , "{location}.{!COD_ENTE}!{!COD_AOO}!{DOCNUM}@documento" ],
                "enabled" : "{ENABLED}",
                "parent" : [
                    "{location}.{!COD_ENTE}!{!COD_AOO}!{!PARENT_FOLDER_ID}@folder",
                    "{location}.{!COD_ENTE}!{!COD_AOO}!{!PARENT_FASCICOLO_ID}@fascicolo",
                    "{location}.{!COD_ENTE}!{!COD_AOO}!{!CLASSIFICA}|{!ANNO_FASCICOLO}|{!PROGR_FASCICOLO}@fascicolo",
                    "{location}.{!COD_ENTE}!{!COD_AOO}!{!CLASSIFICA}@titolario"
                ],

                "CLASSIFICA" : [ "{PARENT_FASCICOLO_ID/([^\\|]+)\\|([^\\|]+)\\|([^\\|]+)/$1}" ],
                "ANNO_FASCICOLO" : [ "{PARENT_FASCICOLO_ID/([^\\|]+)\\|([^\\|]+)\\|([^\\|]+)/$2}" ],
                "PROGR_FASCICOLO" : [ "{PARENT_FASCICOLO_ID/([^\\|]+)\\|([^\\|]+)\\|([^\\|]+)/$3}" ],


                "name" : [ "{%DOCNAME/( (?:http|HTTP|https|HTTPS)\\:\\/\\/.*)/$1.url}", "{%DOCNAME}" ],
                "__unique_name__" : "{%DOCNAME/^(.*)(\\.[^\\.]+)$/$1 ({sequence:{DOCNUM}})$2}",
				"__FASCICOLI_mv" : "[{!FASC_SECONDARI/.*?([^\\/]+)\\/(\\d\\d\\d\\d)\\/([^;]+);.*?/$1|$2|$3\\,}]"

            },

            "aliases" : {
                "ENABLED" : "{enabled}",
                "DOCNAME" : "{name/(.*)\\.url/$1:{name/(.*)\\s\\(\\d+\\)(\\.[^\\.]+)/$1$2:{name%}%}%}",
                "CREATION_DATE" : "{CREATED}",
				"MITTENTI_X" : "{MITTENTI}",
				"DESTINATARI_X" : "{DESTINATARI}",
				"FIRMATARIO_X" : "{FIRMATARIO}",
				"NUM_PG_I" : "{NUM_PG}",
				"DATA_PG_DT" : "{DATA_PG}",
				"N_REGISTRAZ_I" : "{N_REGISTRAZ}",
				"D_REGISTRAZ_DT" : "{D_REGISTRAZ}",
				"OGGETTO_PG_T" : "{OGGETTO_PG}",
				"O_REGISTRAZ_T" : "{O_REGISTRAZ}",
				"ABSTRACT_T" : "{ABSTRACT}",
				"AUTHOR_ID_T" : "{AUTHOR_ID}",
				"FILE_HASH" : "{content_hash}",
                "acl_inherits" : "{PROGR_FASCICOLO/^.+$/true:{PARENT_FOLDER_ID/^.+$/true:false}}",
				"fascicoli_mv" : "[{parent/(.*@fascicolo)/$1},{__FASCICOLI_mv/(.+)/{!location}\\.{!COD_ENTE}!{!COD_AOO}!$1@fascicolo,:}]",
				"FIRMATARI_XD" : "{FIRMATARIO}",
				"MITTENTI_XD" : "{MITTENTI}",
				"DESTINATARI_XD" : "{DESTINATARI}"			
				
            },

            "validation": {
                "DOCNAME" : "{1}",
                "riferimenti::id" : "*"
            }
        },
        {
            "name" : "user",

            "on_create": {
				"name" : [ "{%FULL_NAME}" , "{%USER_ID}" ],
                "groups" : [ "[{_prefix_}{!COD_AOO}@group,{_prefix_}{!COD_ENTE}@group,everyone@group]" , "[{_prefix_}{!COD_ENTE}@group,everyone@group]" , "everyone@group" ],
                "acl_explicit" : [
                    "[{_prefix_}ADMINS_ENTE_{!COD_ENTE}@group:fullAccess,{_prefix_}ADMINS_AOO_{!COD_AOO}@group:fullAccess,everyone@group:readOnly]" ,
                    "[{_prefix_}ADMINS_ENTE_{!COD_ENTE}@group:fullAccess,everyone@group:readOnly]" ,
                    "everyone@group:readOnly" ],
                "parent" : [ "{location}.{!COD_ENTE}!{!COD_AOO}!@aoo" , "{location}.{!COD_ENTE}!@ente" , "everyone@group" ]
            },

            "hooks": {
				"id" : [ "{!USER_ID}@user" ] ,
                "name" : "{%FULL_NAME}" ,
                "__unique_name__" : "{%~FULL_NAME}"
            },

            "aliases": {
                "FULL_NAME" : "{name%}",
                "display_name" : "{name%} ({USER_ID})"
            },

            "validation": {
                "USER_ID" : "{1}"
            }

        },
        {
            "name" : "group",
            "defaultNode" : "group",
            "children" : {
                "group" : 32,
                "user" : 32
            },

            "on_create" : {
				"name" : [ "{%~GROUP_NAME}" , "{%GROUP_ID}" ] ,
                "acl_explicit" : [
                    "[{_prefix_}ADMINS_ENTE_{!COD_ENTE}@group:fullAccess,{_prefix_}ADMINS_AOO_{!COD_AOO}@group:fullAccess,everyone@group:readOnly]" ,
                    "[{_prefix_}ADMINS_ENTE_{!COD_ENTE}@group:fullAccess,everyone@group:readOnly]" ,
                    "everyone@group:readOnly" ],
                "parent" : [ "{!PARENT_GROUP_ID}@group", "{location}.{!COD_ENTE}!{!COD_AOO}!@aoo" , "{location}.{!COD_ENTE}!@ente" ]
            },

            "hooks": {
				"id" : "{!GROUP_ID}@group" ,
                "name" : "{%~GROUP_NAME}" ,
                "parent" : [ "{!PARENT_GROUP_ID}@group" ],
                "__unique_name__" : "{%~GROUP_NAME}"
            },

            "aliases" : {
                "GROUP_NAME" : "{name%}",
                "display_name" : "{name%} ({GROUP_ID})"
            },

            "validation": {
                "GROUP_ID" : "{1}"
            }

        },
        {
            "name" : "related",

            "on_create": {
                "id" : "{location}.{!COD_ENTE}!{!COD_AOO}!{sequence}@related" ,
				"name" : "{%sid}",
                "parent" : [ "{location}.{!COD_ENTE}!{!COD_AOO}!@aoo" ] ,
                "acl_explicit" : "{_prefix_}{COD_AOO}@group:normalAccess"
            },

            "validation": {
                "related::id" : "*"
            }
        },
        {
            "name" : "versions",
            "inherits" : "related",

            "on_create": {
                "id" : "{location}.{!COD_ENTE}!{!COD_AOO}!{sequence}@versions" ,
                "parent" : [ "{location}.{!COD_ENTE}!{!COD_AOO}!@aoo" ] ,
                "acl_explicit" : "{_prefix_}{COD_AOO}@group:normalAccess"
            }
        },
        {
            "name" : "custom",
            "defaultNode" : "{type}",

            "children" : {
                "custom" : 32
            },

            "hooks": {
				"id" : [ "{location}.{!COD_ENTE}!{!COD_AOO}!{!COD_{type}}@{!type}" , "{location}.{!COD_ENTE}!{!COD_AOO}!{!sid}@{!type}" ] ,
                "name" : "{%~DES_{type}}",
                "parent" : [ "{location}.{!COD_ENTE}!{!COD_AOO}!{!PARENT_COD_{type}}@{!type}" , "{location}.{!COD_ENTE}!{!COD_AOO}!@aoo" ]
            },

            "aliases": {
                "DES_{type}" : "{name%}" ,
                "COD_{type}" : "{sid%}" ,
                "COD_{type}_t" : "{sid%}"
            },

            "validation": {
                "COD_{type}" : "{1}"
            }
        },
        {
            "name" : "RUBRICA",
            "inherits" : "custom",
            "on_create": {
                "acl_explicit" : "{_prefix_}{COD_AOO}@group:normalAccess"
            }
        },
		{
            "name" : "BILLING",
            "inherits" : "custom",
            "on_create": {
                "acl_explicit" : "{GROUP_ID}_RESP@group:normalAccess",
				"id" : [ "{location}.{!COD_ENTE}!{!COD_AOO}!{!sid}@{!type}" , "{location}.{!COD_ENTE}!{!COD_AOO}!{!sequence}@{!type}" ] ,
				"__unique_name__" : "{name} ({sequence})" 
            },
			
			"hooks" : {
				"DURATION" : "eval( document.HOURS? (document.HOURS*3600)+'000' : document.DURATION )"
			},
			
			"aliases" : {
				"HOURS" : "eval( (document.DURATION||0)/(3600*1000))",
				"COSTO" : "eval( ( ($(document.ROLE_ID+'@group')||{}).cost||0) * (document.HOURS||0) )",
				"cost_f" : "{COSTO}",
				"task_created_dt" : "{TASK_CREATED}",
				"task_started_dt" : "{TASK_STARTED}",
				"task_ended_dt" : "{TASK_ENDED}"  ,
				"parent" : "eval( document.FASCICOLO_ID ? select('sequence:'+document.FASCICOLO_ID)[0].id : document.division+'@aoo' )"
			}
        },
        
        {
            "name" : "*",

            /* type di default, in questo caso eredita sempre da custom */
            "inherits" : "custom"
        }
    ]
}
