{
    "responseHeader":{
        "status":0,
        "QTime":17,
        "params":{
            "sort":"sequence asc",
            "fl":"id,name",
            "ticket":"admin",
            "q":"*:*",
            "rows":"100"}},
    "realtimeHeader":{
        "QTime":0,
        "numFound":0,
        "numDocs":0},
    "response":{"numFound":22,"start":0,"docs":[
        {
            "id":"everyone@group",
            "name":"everyone"},
        {
            "id":"paolo@user",
            "name":"paolo"},
        {
            "id":"test!@location",
            "name":"test"},
        {
            "id":"test.ENTE_TEST!@ente",
            "name":"ENTE_TEST"},
        {
            "id":"test.ENTE_TEST!AOO_TEST!@aoo",
            "name":"AOO_TEST"},
        {
            "id":"test.ENTE_TEST!AOO_TEST!1@titolario",
            "name":"TITOLARIO_TEST~00000005"},
        {
            "id":"test.ENTE_TEST!AOO_TEST!1%2e1@titolario",
            "name":"TITOLARIO_TEST~00000006"},
        {
            "id":"test.ENTE_TEST!AOO_TEST!1%2e2@titolario",
            "name":"TITOLARIO_TEST~00000007"},
        {
            "id":"test.ENTE_TEST!AOO_TEST!1%2e3@titolario",
            "name":"TITOLARIO_TEST~00000008"},
        {
            "id":"test.ENTE_TEST!AOO_TEST!2@titolario",
            "name":"TITOLARIO_TEST~00000009"},
        {
            "id":"test.ENTE_TEST!AOO_TEST!2%2e1@titolario",
            "name":"TITOLARIO_TEST~0000000a"},
        {
            "id":"test.ENTE_TEST!AOO_TEST!2%2e2@titolario",
            "name":"TITOLARIO_TEST~0000000b"},
        {
            "id":"test.ENTE_TEST!AOO_TEST!3@titolario",
            "name":"TITOLARIO_TEST~0000000c"},
        {
            "id":"test.ENTE_TEST!AOO_TEST!3%2e1@titolario",
            "name":"TITOLARIO_TEST~0000000d"},
        {
            "id":"test.ENTE_TEST!AOO_TEST!3%2e1|2015|1@fascicolo",
            "name":"1"},
        {
            "id":"test.ENTE_TEST!AOO_TEST!1%2e1|2015|1@fascicolo",
            "name":"1"},
        {
            "id":"test.ENTE_TEST!AOO_TEST!1%2e1|2015|2@fascicolo",
            "name":"2"},
        {
            "id":"test.ENTE_TEST!AOO_TEST!1%2e1|2015|3@fascicolo",
            "name":"3"},
        {
            "id":"test.ENTE_TEST!AOO_TEST!1%2e1|2015|1%2e1@fascicolo",
            "name":"1.1"},
        {
            "id":"test.ENTE_TEST!AOO_TEST!19@documento",
            "name":"1~00000013.docx"},
        {
            "id":"test.ENTE_TEST!AOO_TEST!20@folder",
            "name":"FOLDER_TEST"},
        {
            "id":"test.ENTE_TEST!AOO_TEST!21@folder",
            "name":"SUBFOLDER_TEST"},
        {
            "id":"test.ENTE_TEST!AOO_TEST!22@documento",
            "name":"1~00000016.txt"}]
    }
}