<?xml version="1.0"?>
<!DOCTYPE Configure PUBLIC "-//Jetty//Configure//EN" "http://www.eclipse.org/jetty/configure.dtd">
<Configure class="org.eclipse.jetty.webapp.WebAppContext">
  <Set name="contextPath"><SystemProperty name="hostContext" default="/solr"/></Set>
  <Set name="war"><SystemProperty name="jetty.home"/>/webapps/solr-webapp-${project.parent.version}.war</Set>
  <Set name="defaultsDescriptor"><SystemProperty name="jetty.home"/>/etc/webdefault.xml</Set>
  <Set name="tempDirectory"><Property name="jetty.home" default="."/>/solr-webapp</Set>
  
  <Set name="connectorNames">
    <Array type="String">
      <Item>connSolr</Item>
    </Array>
   </Set>

<!--<Set name="handler">
    <New id="RequestLog" class="org.eclipse.jetty.server.handler.RequestLogHandler">
      <Set name="requestLog">
        <New id="RequestLogImpl" class="org.eclipse.jetty.server.NCSARequestLog">
          <Set name="filename"><Property name="jetty.logs" default="./logs"/>/jetty-solr-yyyy_mm_dd.request.log</Set>
          <Set name="filenameDateFormat">yyyy_MM_dd</Set>
          <Set name="LogTimeZone">GMT</Set>
          <Set name="retainDays">90</Set>
          <Set name="append">true</Set>
        </New>
      </Set>
    </New>
  </Set>-->

</Configure>
